id,season,venueTimezone,venue,awayTeamId,awayTeamName,homeTeamId,homeTeamName,awayTeamScore,homeTeamScore,lastPeriod,gameYear,gameMonth,gameDay,gameTime
2025020001,20252026,12,0,16,Chicago Blackhawks,13,Florida Panthers,2,3,1,2025,10,7,1260
2025020002,20252026,6,19,5,Pittsburgh Penguins,3,New York Rangers,3,0,1,2025,10,8,0
2025020003,20252026,4,11,21,Colorado Avalanche,26,Los Angeles Kings,4,1,1,2025,10,8,150
2025020004,20252026,7,27,8,Montréal Canadiens,10,Toronto Maple Leafs,2,5,1,2025,10,8,1380
2025020005,20252026,12,8,6,Boston Bruins,15,Washington Capitals,3,1,1,2025,10,8,1410
2025020006,20252026,3,25,20,Calgary Flames,22,Edmonton Oilers,4,3,2,2025,10,9,120
2025020007,20252026,14,29,26,Los Angeles Kings,54,Vegas Golden Knights,6,5,2,2025,10,9,120
2025020008,20252026,12,30,16,Chicago Blackhawks,6,Boston Bruins,3,4,0,2025,10,9,1380
2025020009,20252026,6,16,3,New York Rangers,7,Buffalo Sabres,4,0,1,2025,10,9,1380
2025020010,20252026,2,18,8,Montréal Canadiens,17,Detroit Red Wings,5,1,1,2025,10,9,1380
2025020011,20252026,12,4,9,Ottawa Senators,14,Tampa Bay Lightning,5,4,1,2025,10,9,1380
2025020012,20252026,12,0,4,Philadelphia Flyers,13,Florida Panthers,1,2,1,2025,10,9,1380
2025020013,20252026,12,21,2,New York Islanders,5,Pittsburgh Penguins,3,4,1,2025,10,9,1380
2025020014,20252026,12,17,1,New Jersey Devils,12,Carolina Hurricanes,3,6,1,2025,10,9,1410
2025020015,20252026,11,13,30,Minnesota Wild,19,St. Louis Blues,5,0,1,2025,10,10,0
2025020016,20252026,11,5,29,Columbus Blue Jackets,18,Nashville Predators,1,2,1,2025,10,10,0
2025020017,20252026,9,6,25,Dallas Stars,52,Winnipeg Jets,5,4,1,2025,10,10,0
2025020019,20252026,8,24,20,Calgary Flames,23,Vancouver Canucks,1,5,1,2025,10,10,120
2025020021,20252026,14,10,24,Anaheim Ducks,55,Seattle Kraken,1,3,1,2025,10,10,120
2025020038,20252026,6,19,15,Washington Capitals,3,New York Rangers,1,0,1,2025,10,12,1380
2025020039,20252026,6,16,21,Colorado Avalanche,7,Buffalo Sabres,3,1,1,2025,10,13,990
2025020040,20252026,12,30,14,Tampa Bay Lightning,6,Boston Bruins,4,3,1,2025,10,13,1020
2025020041,20252026,12,7,18,Nashville Predators,9,Ottawa Senators,4,1,1,2025,10,13,1020
2025020043,20252026,7,27,17,Detroit Red Wings,10,Toronto Maple Leafs,3,2,1,2025,10,13,1080
2025020044,20252026,12,33,13,Florida Panthers,4,Philadelphia Flyers,2,5,1,2025,10,13,1380
2025020045,20252026,12,20,1,New Jersey Devils,29,Columbus Blue Jackets,3,2,1,2025,10,13,1380
2025020046,20252026,8,24,19,St. Louis Blues,23,Vancouver Canucks,5,2,1,2025,10,13,1410
2025020047,20252026,11,14,26,Los Angeles Kings,30,Minnesota Wild,3,4,2,2025,10,14,0
2025020049,20252026,7,27,18,Nashville Predators,10,Toronto Maple Leafs,4,7,1,2025,10,14,1380
2025020051,20252026,6,19,22,Edmonton Oilers,3,New York Rangers,2,0,1,2025,10,14,1380
2025020052,20252026,12,8,14,Tampa Bay Lightning,15,Washington Capitals,2,3,0,2025,10,14,1380
2025020054,20252026,11,1,30,Minnesota Wild,25,Dallas Stars,2,5,1,2025,10,15,90
2025020055,20252026,14,26,12,Carolina Hurricanes,28,San Jose Sharks,5,1,1,2025,10,15,120
2025020056,20252026,4,15,5,Pittsburgh Penguins,24,Anaheim Ducks,3,4,1,2025,10,15,150
2025020057,20252026,6,16,9,Ottawa Senators,7,Buffalo Sabres,4,8,1,2025,10,15,1380
2025020058,20252026,2,18,13,Florida Panthers,17,Detroit Red Wings,1,4,1,2025,10,15,1380
2025020059,20252026,11,13,16,Chicago Blackhawks,19,St. Louis Blues,8,3,1,2025,10,16,90
2025020060,20252026,1,12,20,Calgary Flames,68,Utah Mammoth,1,3,1,2025,10,16,90
2025020061,20252026,7,27,3,New York Rangers,10,Toronto Maple Leafs,1,2,0,2025,10,16,1380
2025020062,20252026,5,9,18,Nashville Predators,8,Montréal Canadiens,2,3,0,2025,10,16,1380
2025020064,20252026,12,22,13,Florida Panthers,1,New Jersey Devils,1,3,1,2025,10,16,1380
2025020067,20252026,12,20,21,Colorado Avalanche,29,Columbus Blue Jackets,4,1,1,2025,10,16,1380
2025020065,20252026,6,31,22,Edmonton Oilers,2,New York Islanders,2,4,1,2025,10,16,1410
2025020068,20252026,11,1,23,Vancouver Canucks,25,Dallas Stars,5,3,1,2025,10,17,0
2025020069,20252026,14,29,6,Boston Bruins,54,Vegas Golden Knights,5,6,1,2025,10,17,120
2025020070,20252026,4,15,12,Carolina Hurricanes,24,Anaheim Ducks,4,1,1,2025,10,17,120
2025020071,20252026,4,11,5,Pittsburgh Penguins,26,Los Angeles Kings,4,2,1,2025,10,17,120
2025020072,20252026,2,18,14,Tampa Bay Lightning,17,Detroit Red Wings,1,2,0,2025,10,17,1380
2025020073,20252026,12,8,30,Minnesota Wild,15,Washington Capitals,1,5,1,2025,10,17,1380
2025020074,20252026,0,32,23,Vancouver Canucks,16,Chicago Blackhawks,3,2,2,2025,10,18,30
2025020075,20252026,1,12,28,San Jose Sharks,68,Utah Mammoth,3,6,1,2025,10,18,60
2025020089,20252026,12,8,23,Vancouver Canucks,15,Washington Capitals,4,3,1,2025,10,19,990
2025020090,20252026,2,18,22,Edmonton Oilers,17,Detroit Red Wings,2,4,1,2025,10,19,1140
2025020091,20252026,0,32,24,Anaheim Ducks,16,Chicago Blackhawks,1,2,0,2025,10,19,1380
2025020092,20252026,1,12,6,Boston Bruins,68,Utah Mammoth,2,3,1,2025,10,19,1380
2025020093,20252026,6,19,30,Minnesota Wild,3,New York Rangers,3,1,1,2025,10,20,1380
2025020095,20252026,5,9,7,Buffalo Sabres,8,Montréal Canadiens,2,4,1,2025,10,20,1410
2025020097,20252026,14,29,12,Carolina Hurricanes,54,Vegas Golden Knights,1,4,1,2025,10,21,120
2025020098,20252026,7,27,1,New Jersey Devils,10,Toronto Maple Leafs,5,2,1,2025,10,21,1380
2025020099,20252026,12,7,22,Edmonton Oilers,9,Ottawa Senators,3,2,0,2025,10,21,1380
2025020100,20252026,6,31,28,San Jose Sharks,2,New York Islanders,3,4,1,2025,10,21,1380
2025020101,20252026,12,21,23,Vancouver Canucks,5,Pittsburgh Penguins,1,5,1,2025,10,21,1380
2025020103,20252026,12,30,13,Florida Panthers,6,Boston Bruins,4,3,1,2025,10,21,1410
2025020104,20252026,11,13,26,Los Angeles Kings,19,St. Louis Blues,2,1,0,2025,10,22,0
2025020105,20252026,11,5,24,Anaheim Ducks,18,Nashville Predators,5,2,1,2025,10,22,0
2025020106,20252026,11,1,29,Columbus Blue Jackets,25,Dallas Stars,5,1,1,2025,10,22,0
2025020107,20252026,1,12,21,Colorado Avalanche,68,Utah Mammoth,3,4,0,2025,10,22,120
2025020108,20252026,12,22,30,Minnesota Wild,1,New Jersey Devils,1,4,1,2025,10,22,1380
2025020109,20252026,6,16,17,Detroit Red Wings,7,Buffalo Sabres,2,4,1,2025,10,22,1410
2025020110,20252026,13,28,8,Montréal Canadiens,20,Calgary Flames,2,1,0,2025,10,23,30
2025020113,20252026,12,4,16,Chicago Blackhawks,14,Tampa Bay Lightning,3,2,1,2025,10,23,1365
2025020111,20252026,12,30,24,Anaheim Ducks,6,Boston Bruins,7,5,1,2025,10,23,1380
2025020112,20252026,12,7,4,Philadelphia Flyers,9,Ottawa Senators,1,2,1,2025,10,23,1380
2025020114,20252026,12,0,5,Pittsburgh Penguins,13,Florida Panthers,5,3,1,2025,10,23,1380
2025020115,20252026,6,31,17,Detroit Red Wings,2,New York Islanders,2,7,1,2025,10,23,1380
2025020116,20252026,6,19,28,San Jose Sharks,3,New York Rangers,6,5,0,2025,10,23,1380
2025020118,20252026,11,5,23,Vancouver Canucks,18,Nashville Predators,1,2,1,2025,10,24,0
2025020119,20252026,11,1,26,Los Angeles Kings,25,Dallas Stars,3,2,0,2025,10,24,60
2025020121,20252026,1,3,12,Carolina Hurricanes,21,Colorado Avalanche,5,4,2,2025,10,24,60
2025020122,20252026,3,25,8,Montréal Canadiens,22,Edmonton Oilers,5,6,1,2025,10,24,60
2025020123,20252026,6,16,10,Toronto Maple Leafs,7,Buffalo Sabres,3,5,1,2025,10,24,1380
2025020124,20252026,12,22,28,San Jose Sharks,1,New Jersey Devils,1,3,1,2025,10,24,1380
2025020125,20252026,12,20,15,Washington Capitals,29,Columbus Blue Jackets,5,1,1,2025,10,24,1380
2025020126,20252026,9,6,20,Calgary Flames,52,Winnipeg Jets,3,5,1,2025,10,25,0
2025020140,20252026,12,22,21,Colorado Avalanche,1,New Jersey Devils,3,4,0,2025,10,26,1020
2025020142,20252026,11,14,28,San Jose Sharks,30,Minnesota Wild,6,5,0,2025,10,26,1320
2025020144,20252026,0,32,26,Los Angeles Kings,16,Chicago Blackhawks,3,1,1,2025,10,26,1380
2025020145,20252026,11,5,25,Dallas Stars,18,Nashville Predators,3,2,1,2025,10,26,1380
2025020146,20252026,13,28,3,New York Rangers,20,Calgary Flames,1,5,1,2025,10,27,0
2025020147,20252026,8,24,22,Edmonton Oilers,23,Vancouver Canucks,3,4,0,2025,10,27,120
2025020148,20252026,12,21,19,St. Louis Blues,5,Pittsburgh Penguins,3,6,1,2025,10,27,1380
2025020149,20252026,12,7,6,Boston Bruins,9,Ottawa Senators,2,7,1,2025,10,27,1410
2025020150,20252026,12,33,5,Pittsburgh Penguins,4,Philadelphia Flyers,2,3,2,2025,10,28,1320
2025020151,20252026,7,27,20,Calgary Flames,10,Toronto Maple Leafs,3,4,1,2025,10,28,1320
2025020152,20252026,6,16,29,Columbus Blue Jackets,7,Buffalo Sabres,4,3,0,2025,10,28,1365
2025020153,20252026,12,0,24,Anaheim Ducks,13,Florida Panthers,3,2,2,2025,10,28,1380
2025020154,20252026,12,30,2,New York Islanders,6,Boston Bruins,2,5,1,2025,10,28,1395
2025020156,20252026,11,5,14,Tampa Bay Lightning,18,Nashville Predators,5,2,1,2025,10,28,1425
2025020158,20252026,11,13,17,Detroit Red Wings,19,St. Louis Blues,5,2,1,2025,10,29,15
2025020159,20252026,11,1,15,Washington Capitals,25,Dallas Stars,0,1,1,2025,10,29,30
2025020160,20252026,0,32,9,Ottawa Senators,16,Chicago Blackhawks,3,7,1,2025,10,29,45
2025020161,20252026,1,3,1,New Jersey Devils,21,Colorado Avalanche,4,8,1,2025,10,29,60
2025020163,20252026,8,24,3,New York Rangers,23,Vancouver Canucks,2,0,1,2025,10,29,120
2025020164,20252026,14,10,8,Montréal Canadiens,55,Seattle Kraken,4,3,0,2025,10,29,150
2025020165,20252026,14,26,26,Los Angeles Kings,28,San Jose Sharks,4,3,1,2025,10,29,180
2025020166,20252026,12,20,10,Toronto Maple Leafs,29,Columbus Blue Jackets,3,6,1,2025,10,29,1410
2025020167,20252026,12,30,7,Buffalo Sabres,6,Boston Bruins,3,4,0,2025,10,30,1380
2025020168,20252026,12,7,20,Calgary Flames,9,Ottawa Senators,3,4,2,2025,10,30,1380
2025020169,20252026,12,4,25,Dallas Stars,14,Tampa Bay Lightning,1,2,0,2025,10,30,1380
2025020170,20252026,12,33,18,Nashville Predators,4,Philadelphia Flyers,1,4,1,2025,10,30,1380
2025020171,20252026,12,17,2,New York Islanders,12,Carolina Hurricanes,2,6,1,2025,10,30,1410
2025020172,20252026,11,13,23,Vancouver Canucks,19,St. Louis Blues,4,3,2,2025,10,31,0
2025020173,20252026,11,14,5,Pittsburgh Penguins,30,Minnesota Wild,4,1,1,2025,10,31,0
2025020174,20252026,9,6,16,Chicago Blackhawks,52,Winnipeg Jets,3,6,1,2025,10,31,0
2025020175,20252026,3,25,3,New York Rangers,22,Edmonton Oilers,4,3,0,2025,10,31,60
2025020176,20252026,14,26,1,New Jersey Devils,28,San Jose Sharks,2,5,1,2025,10,31,120
2025020177,20252026,4,11,17,Detroit Red Wings,26,Los Angeles Kings,4,3,2,2025,10,31,150
2025020178,20252026,14,29,21,Colorado Avalanche,54,Vegas Golden Knights,4,2,1,2025,10,31,1200
2025020179,20252026,12,8,2,New York Islanders,15,Washington Capitals,3,1,1,2025,10,31,1380
2025020180,20252026,4,15,17,Detroit Red Wings,24,Anaheim Ducks,2,5,1,2025,11,1,120
2025020194,20252026,1,12,14,Tampa Bay Lightning,68,Utah Mammoth,4,2,1,2025,11,2,1230
2025020195,20252026,6,31,29,Columbus Blue Jackets,2,New York Islanders,2,3,1,2025,11,2,1320
2025020196,20252026,12,33,20,Calgary Flames,4,Philadelphia Flyers,2,1,1,2025,11,3,0
2025020197,20252026,4,15,1,New Jersey Devils,24,Anaheim Ducks,1,4,1,2025,11,3,60
2025020198,20252026,14,26,17,Detroit Red Wings,28,San Jose Sharks,3,2,2,2025,11,3,60
2025020199,20252026,7,27,5,Pittsburgh Penguins,10,Toronto Maple Leafs,3,4,1,2025,11,4,30
2025020200,20252026,11,13,22,Edmonton Oilers,19,St. Louis Blues,2,3,1,2025,11,4,90
2025020201,20252026,11,5,23,Vancouver Canucks,18,Nashville Predators,5,4,0,2025,11,4,90
2025020202,20252026,14,10,16,Chicago Blackhawks,55,Seattle Kraken,1,3,1,2025,11,4,180
2025020204,20252026,5,9,4,Philadelphia Flyers,8,Montréal Canadiens,5,4,2,2025,11,5,0
2025020205,20252026,6,31,6,Boston Bruins,2,New York Islanders,4,3,2,2025,11,5,0
2025020206,20252026,6,19,12,Carolina Hurricanes,3,New York Rangers,3,0,1,2025,11,5,0
2025020207,20252026,11,1,22,Edmonton Oilers,25,Dallas Stars,3,4,2,2025,11,5,60
2025020208,20252026,11,14,18,Nashville Predators,30,Minnesota Wild,2,3,0,2025,11,5,60
2025020209,20252026,1,3,14,Tampa Bay Lightning,21,Colorado Avalanche,2,3,1,2025,11,5,150
2025020210,20252026,14,29,17,Detroit Red Wings,54,Vegas Golden Knights,0,1,1,2025,11,5,180
2025020211,20252026,4,15,13,Florida Panthers,24,Anaheim Ducks,3,7,1,2025,11,5,180
2025020214,20252026,12,8,19,St. Louis Blues,15,Washington Capitals,1,6,1,2025,11,6,30
2025020215,20252026,13,28,29,Columbus Blue Jackets,20,Calgary Flames,1,5,1,2025,11,6,150
2025020216,20252026,8,24,16,Chicago Blackhawks,23,Vancouver Canucks,5,2,1,2025,11,6,180
2025020217,20252026,14,10,28,San Jose Sharks,55,Seattle Kraken,6,1,1,2025,11,6,180
2025020218,20252026,12,30,9,Ottawa Senators,6,Boston Bruins,2,3,0,2025,11,7,0
2025020219,20252026,6,16,19,St. Louis Blues,7,Buffalo Sabres,3,0,1,2025,11,7,0
2025020220,20252026,12,22,8,Montréal Canadiens,1,New Jersey Devils,3,4,0,2025,11,7,0
2025020222,20252026,12,17,30,Minnesota Wild,12,Carolina Hurricanes,3,4,1,2025,11,7,0
2025020221,20252026,12,21,15,Washington Capitals,5,Pittsburgh Penguins,3,5,1,2025,11,7,30
2025020223,20252026,11,5,4,Philadelphia Flyers,18,Nashville Predators,3,1,1,2025,11,7,60
2025020224,20252026,11,1,24,Anaheim Ducks,25,Dallas Stars,7,5,1,2025,11,7,60
2025020225,20252026,14,29,14,Tampa Bay Lightning,54,Vegas Golden Knights,6,3,1,2025,11,7,180
2025020226,20252026,4,11,13,Florida Panthers,26,Los Angeles Kings,5,2,1,2025,11,7,180
2025020227,20252026,2,18,3,New York Rangers,17,Detroit Red Wings,4,1,1,2025,11,8,0
2025020228,20252026,6,31,30,Minnesota Wild,2,New York Islanders,5,2,1,2025,11,8,0
2025020229,20252026,13,28,16,Chicago Blackhawks,20,Calgary Flames,4,0,1,2025,11,8,120
2025020244,20252026,2,18,16,Chicago Blackhawks,17,Detroit Red Wings,5,1,1,2025,11,9,1080
2025020245,20252026,12,21,26,Los Angeles Kings,5,Pittsburgh Penguins,3,2,1,2025,11,9,1140
2025020246,20252026,7,27,12,Carolina Hurricanes,10,Toronto Maple Leafs,5,4,1,2025,11,10,0
2025020249,20252026,11,14,20,Calgary Flames,30,Minnesota Wild,0,2,1,2025,11,10,60
2025020250,20252026,8,24,21,Colorado Avalanche,23,Vancouver Canucks,5,4,0,2025,11,10,180
2025020252,20252026,12,22,2,New York Islanders,1,New Jersey Devils,3,2,0,2025,11,11,0
2025020253,20252026,6,19,18,Nashville Predators,3,New York Rangers,3,6,1,2025,11,11,0
2025020254,20252026,3,25,29,Columbus Blue Jackets,22,Edmonton Oilers,4,5,0,2025,11,11,90
2025020255,20252026,14,29,13,Florida Panthers,54,Vegas Golden Knights,3,2,1,2025,11,11,180
2025020256,20252026,12,30,10,Toronto Maple Leafs,6,Boston Bruins,3,5,1,2025,11,12,0
2025020257,20252026,5,9,26,Los Angeles Kings,8,Montréal Canadiens,5,1,1,2025,11,12,0
2025020258,20252026,12,7,25,Dallas Stars,9,Ottawa Senators,3,2,0,2025,11,12,0
2025020259,20252026,12,17,15,Washington Capitals,12,Carolina Hurricanes,4,1,1,2025,11,12,0
2025020260,20252026,11,13,20,Calgary Flames,19,St. Louis Blues,2,3,1,2025,11,12,60
2025020261,20252026,11,14,28,San Jose Sharks,30,Minnesota Wild,2,1,0,2025,11,12,60
2025020262,20252026,1,3,24,Anaheim Ducks,21,Colorado Avalanche,1,4,1,2025,11,12,150
2025020264,20252026,14,10,29,Columbus Blue Jackets,55,Seattle Kraken,2,1,2,2025,11,12,180
2025020265,20252026,12,4,3,New York Rangers,14,Tampa Bay Lightning,7,3,1,2025,11,13,0
2025020266,20252026,12,33,22,Edmonton Oilers,4,Philadelphia Flyers,2,1,0,2025,11,13,30
2025020267,20252026,1,12,7,Buffalo Sabres,68,Utah Mammoth,2,5,1,2025,11,13,120
2025020268,20252026,0,32,1,New Jersey Devils,16,Chicago Blackhawks,4,3,0,2025,11,13,150
2025020269,20252026,7,27,26,Los Angeles Kings,10,Toronto Maple Leafs,4,3,0,2025,11,14,0
2025020270,20252026,5,9,25,Dallas Stars,8,Montréal Canadiens,7,0,1,2025,11,14,0
2025020271,20252026,12,7,6,Boston Bruins,9,Ottawa Senators,3,5,1,2025,11,14,0
2025020272,20252026,2,18,24,Anaheim Ducks,17,Detroit Red Wings,3,6,1,2025,11,14,0
2025020273,20252026,12,0,15,Washington Capitals,13,Florida Panthers,3,6,1,2025,11,14,0
2025020274,20252026,12,20,22,Edmonton Oilers,29,Columbus Blue Jackets,4,5,1,2025,11,14,30
2025020275,20252026,1,3,7,Buffalo Sabres,21,Colorado Avalanche,3,6,1,2025,11,14,120
2025020276,20252026,13,28,28,San Jose Sharks,20,Calgary Flames,0,2,1,2025,11,14,120
2025020277,20252026,14,29,2,New York Islanders,54,Vegas Golden Knights,4,3,0,2025,11,14,180
2025020281,20252026,10,2,5,Pittsburgh Penguins,18,Nashville Predators,1,2,0,2025,11,14,1140
2025020279,20252026,12,17,23,Vancouver Canucks,12,Carolina Hurricanes,3,4,0,2025,11,15,0
2025020280,20252026,11,13,4,Philadelphia Flyers,19,St. Louis Blues,6,5,2,2025,11,15,60
2025020282,20252026,1,12,2,New York Islanders,68,Utah Mammoth,3,2,0,2025,11,15,120
2025020296,20252026,10,2,18,Nashville Predators,5,Pittsburgh Penguins,0,4,1,2025,11,16,840
2025020297,20252026,12,4,23,Vancouver Canucks,14,Tampa Bay Lightning,6,2,1,2025,11,16,1320
2025020299,20252026,6,19,17,Detroit Red Wings,3,New York Rangers,2,1,1,2025,11,17,0
2025020300,20252026,1,3,2,New York Islanders,21,Colorado Avalanche,1,4,1,2025,11,17,120
2025020301,20252026,12,30,12,Carolina Hurricanes,6,Boston Bruins,3,1,1,2025,11,18,0
2025020302,20252026,6,16,22,Edmonton Oilers,7,Buffalo Sabres,1,5,1,2025,11,18,0
2025020303,20252026,12,0,23,Vancouver Canucks,13,Florida Panthers,5,8,1,2025,11,18,0
2025020304,20252026,12,8,26,Los Angeles Kings,15,Washington Capitals,1,2,1,2025,11,18,0
2025020305,20252026,12,20,8,Montréal Canadiens,29,Columbus Blue Jackets,3,4,2,2025,11,18,30
2025020307,20252026,7,27,19,St. Louis Blues,10,Toronto Maple Leafs,2,3,0,2025,11,19,0
2025020309,20252026,12,4,1,New Jersey Devils,14,Tampa Bay Lightning,1,5,1,2025,11,19,0
2025020310,20252026,11,1,2,New York Islanders,25,Dallas Stars,3,2,1,2025,11,19,60
2025020311,20252026,9,6,29,Columbus Blue Jackets,52,Winnipeg Jets,2,5,1,2025,11,19,60
2025020312,20252026,0,32,20,Calgary Flames,16,Chicago Blackhawks,2,5,1,2025,11,19,90
2025020313,20252026,14,29,3,New York Rangers,54,Vegas Golden Knights,2,3,1,2025,11,19,180
2025020315,20252026,12,8,22,Edmonton Oilers,15,Washington Capitals,4,7,1,2025,11,20,0
2025020316,20252026,6,16,20,Calgary Flames,7,Buffalo Sabres,6,2,1,2025,11,20,30
2025020317,20252026,11,14,12,Carolina Hurricanes,30,Minnesota Wild,3,4,2,2025,11,20,150
2025020318,20252026,4,15,6,Boston Bruins,24,Anaheim Ducks,3,4,1,2025,11,20,180
2025020319,20252026,7,27,29,Columbus Blue Jackets,10,Toronto Maple Leafs,3,2,0,2025,11,21,0
2025020320,20252026,5,9,15,Washington Capitals,8,Montréal Canadiens,8,4,1,2025,11,21,0
2025020321,20252026,2,18,2,New York Islanders,17,Detroit Red Wings,5,0,1,2025,11,21,0
2025020323,20252026,12,0,1,New Jersey Devils,13,Florida Panthers,0,1,1,2025,11,21,0
2025020324,20252026,12,33,19,St. Louis Blues,4,Philadelphia Flyers,2,3,0,2025,11,21,0
2025020322,20252026,12,4,22,Edmonton Oilers,14,Tampa Bay Lightning,1,2,0,2025,11,21,30
2025020326,20252026,1,3,3,New York Rangers,21,Colorado Avalanche,3,6,1,2025,11,21,120
2025020328,20252026,8,24,25,Dallas Stars,23,Vancouver Canucks,4,2,1,2025,11,21,180
2025020329,20252026,4,15,9,Ottawa Senators,24,Anaheim Ducks,3,2,1,2025,11,21,180
2025020330,20252026,14,26,26,Los Angeles Kings,28,San Jose Sharks,3,4,2,2025,11,21,180
2025020331,20252026,6,16,16,Chicago Blackhawks,7,Buffalo Sabres,3,9,1,2025,11,22,0
2025020332,20252026,12,21,30,Minnesota Wild,5,Pittsburgh Penguins,5,0,1,2025,11,22,0
2025020333,20252026,9,6,12,Carolina Hurricanes,52,Winnipeg Jets,4,3,1,2025,11,22,60
2025020334,20252026,4,11,6,Boston Bruins,26,Los Angeles Kings,2,1,0,2025,11,22,210
2025020347,20252026,6,16,12,Carolina Hurricanes,7,Buffalo Sabres,1,4,1,2025,11,23,1080
2025020348,20252026,9,6,30,Minnesota Wild,52,Winnipeg Jets,3,0,1,2025,11,23,1260
2025020350,20252026,0,32,21,Colorado Avalanche,16,Chicago Blackhawks,1,0,1,2025,11,24,0
2025020351,20252026,14,26,6,Boston Bruins,28,San Jose Sharks,1,3,1,2025,11,24,60
2025020352,20252026,8,24,20,Calgary Flames,23,Vancouver Canucks,5,2,1,2025,11,24,120
2025020353,20252026,12,4,4,Philadelphia Flyers,14,Tampa Bay Lightning,0,3,1,2025,11,25,0
2025020354,20252026,12,22,17,Detroit Red Wings,1,New Jersey Devils,3,4,1,2025,11,25,0
2025020355,20252026,6,19,19,St. Louis Blues,3,New York Rangers,2,3,1,2025,11,25,0
2025020356,20252026,12,8,29,Columbus Blue Jackets,15,Washington Capitals,1,5,1,2025,11,25,0
2025020357,20252026,11,5,13,Florida Panthers,18,Nashville Predators,8,3,1,2025,11,25,60
2025020359,20252026,4,11,9,Ottawa Senators,26,Los Angeles Kings,1,2,1,2025,11,25,120
2025020360,20252026,3,25,25,Dallas Stars,22,Edmonton Oilers,8,3,1,2025,11,26,120
2025020361,20252026,2,18,18,Nashville Predators,17,Detroit Red Wings,6,3,1,2025,11,27,0
2025020362,20252026,12,4,20,Calgary Flames,14,Tampa Bay Lightning,1,5,1,2025,11,27,0
2025020363,20252026,12,0,4,Philadelphia Flyers,13,Florida Panthers,4,2,1,2025,11,27,0
2025020364,20252026,12,22,19,St. Louis Blues,1,New Jersey Devils,2,3,0,2025,11,27,0
2025020365,20252026,6,31,6,Boston Bruins,2,New York Islanders,3,1,1,2025,11,27,0
2025020366,20252026,12,21,7,Buffalo Sabres,5,Pittsburgh Penguins,2,4,1,2025,11,27,0
2025020368,20252026,12,17,3,New York Rangers,12,Carolina Hurricanes,4,2,1,2025,11,27,0
2025020369,20252026,12,20,10,Toronto Maple Leafs,29,Columbus Blue Jackets,2,1,0,2025,11,27,0
2025020370,20252026,0,32,30,Minnesota Wild,16,Chicago Blackhawks,4,3,0,2025,11,27,90
2025020371,20252026,1,3,28,San Jose Sharks,21,Colorado Avalanche,0,6,1,2025,11,27,120
2025020372,20252026,1,12,8,Montréal Canadiens,68,Utah Mammoth,4,3,1,2025,11,27,150
2025020373,20252026,14,29,9,Ottawa Senators,54,Vegas Golden Knights,4,3,2,2025,11,27,180
2025020374,20252026,4,15,23,Vancouver Canucks,24,Anaheim Ducks,5,4,1,2025,11,27,180
2025020375,20252026,14,10,25,Dallas Stars,55,Seattle Kraken,3,2,1,2025,11,27,180
2025020377,20252026,2,18,14,Tampa Bay Lightning,17,Detroit Red Wings,6,3,1,2025,11,28,1020
2025020376,20252026,12,30,3,New York Rangers,6,Boston Bruins,6,2,1,2025,11,28,1080
2025020378,20252026,11,14,21,Colorado Avalanche,30,Minnesota Wild,2,3,2,2025,11,28,1230
2025020379,20252026,6,16,1,New Jersey Devils,7,Buffalo Sabres,5,0,1,2025,11,28,1260
2025020380,20252026,12,0,20,Calgary Flames,13,Florida Panthers,5,3,1,2025,11,28,1260
2025020381,20252026,6,31,4,Philadelphia Flyers,2,New York Islanders,4,3,2,2025,11,28,1260
2025020382,20252026,11,13,9,Ottawa Senators,19,St. Louis Blues,3,4,1,2025,11,28,1260
2025020383,20252026,14,29,8,Montréal Canadiens,54,Vegas Golden Knights,4,1,1,2025,11,28,1260
2025020384,20252026,4,15,26,Los Angeles Kings,24,Anaheim Ducks,4,5,2,2025,11,28,1260
2025020385,20252026,14,26,23,Vancouver Canucks,28,San Jose Sharks,2,3,1,2025,11,28,1260
2025020386,20252026,12,8,10,Toronto Maple Leafs,15,Washington Capitals,2,4,1,2025,11,28,1320
2025020388,20252026,12,20,5,Pittsburgh Penguins,29,Columbus Blue Jackets,4,3,0,2025,11,29,0
2025020389,20252026,0,32,18,Nashville Predators,16,Chicago Blackhawks,4,3,1,2025,11,29,60
2025020402,20252026,6,31,15,Washington Capitals,2,New York Islanders,4,1,1,2025,11,30,1080
2025020403,20252026,0,32,24,Anaheim Ducks,16,Chicago Blackhawks,3,5,1,2025,11,30,1230
2025020404,20252026,12,17,20,Calgary Flames,12,Carolina Hurricanes,0,1,0,2025,11,30,1320
2025020405,20252026,11,1,9,Ottawa Senators,25,Dallas Stars,1,6,1,2025,11,30,1380
2025020406,20252026,12,22,29,Columbus Blue Jackets,1,New Jersey Devils,5,3,1,2025,12,2,0
2025020407,20252026,12,33,5,Pittsburgh Penguins,4,Philadelphia Flyers,5,1,1,2025,12,2,0
2025020409,20252026,11,13,24,Anaheim Ducks,19,St. Louis Blues,4,1,1,2025,12,2,60
2025020411,20252026,5,9,9,Ottawa Senators,8,Montréal Canadiens,5,2,1,2025,12,3,0
2025020412,20252026,2,18,6,Boston Bruins,17,Detroit Red Wings,4,5,1,2025,12,3,0
2025020414,20252026,6,31,14,Tampa Bay Lightning,2,New York Islanders,1,2,1,2025,12,3,0
2025020415,20252026,6,19,25,Dallas Stars,3,New York Rangers,2,3,0,2025,12,3,0
2025020413,20252026,12,0,10,Toronto Maple Leafs,13,Florida Panthers,4,1,1,2025,12,3,30
2025020416,20252026,11,5,20,Calgary Flames,18,Nashville Predators,1,5,1,2025,12,3,60
2025020417,20252026,1,3,23,Vancouver Canucks,21,Colorado Avalanche,1,3,1,2025,12,3,120
2025020418,20252026,3,25,30,Minnesota Wild,22,Edmonton Oilers,1,0,1,2025,12,3,120
2025020419,20252026,14,29,16,Chicago Blackhawks,54,Vegas Golden Knights,3,4,2,2025,12,3,180
2025020420,20252026,4,11,15,Washington Capitals,26,Los Angeles Kings,3,1,1,2025,12,3,210
2025020421,20252026,12,22,25,Dallas Stars,1,New Jersey Devils,3,0,1,2025,12,4,0
2025020423,20252026,12,33,7,Buffalo Sabres,4,Philadelphia Flyers,2,5,1,2025,12,4,30
2025020425,20252026,14,26,15,Washington Capitals,28,San Jose Sharks,7,1,1,2025,12,4,180
2025020426,20252026,12,30,19,St. Louis Blues,6,Boston Bruins,2,5,1,2025,12,5,0
2025020427,20252026,12,7,3,New York Rangers,9,Ottawa Senators,4,2,1,2025,12,5,0
2025020428,20252026,12,4,5,Pittsburgh Penguins,14,Tampa Bay Lightning,4,3,1,2025,12,5,0
2025020429,20252026,12,0,18,Nashville Predators,13,Florida Panthers,2,1,0,2025,12,5,0
2025020430,20252026,6,31,21,Colorado Avalanche,2,New York Islanders,3,6,1,2025,12,5,0
2025020431,20252026,12,17,10,Toronto Maple Leafs,12,Carolina Hurricanes,5,1,1,2025,12,5,0
2025020432,20252026,12,20,17,Detroit Red Wings,29,Columbus Blue Jackets,5,6,2,2025,12,5,30
2025020433,20252026,13,28,30,Minnesota Wild,20,Calgary Flames,1,4,1,2025,12,5,120
2025020435,20252026,4,11,16,Chicago Blackhawks,26,Los Angeles Kings,2,1,1,2025,12,5,180
2025020437,20252026,9,6,7,Buffalo Sabres,52,Winnipeg Jets,1,4,1,2025,12,6,0
2025020438,20252026,11,1,28,San Jose Sharks,25,Dallas Stars,1,4,1,2025,12,6,60
2025020440,20252026,4,15,15,Washington Capitals,24,Anaheim Ducks,3,4,2,2025,12,6,180
2025020453,20252026,12,33,21,Colorado Avalanche,4,Philadelphia Flyers,3,2,1,2025,12,7,1080
2025020454,20252026,12,0,2,New York Islanders,13,Florida Panthers,1,4,1,2025,12,7,1320
2025020455,20252026,12,17,28,San Jose Sharks,12,Carolina Hurricanes,4,1,1,2025,12,7,1320
2025020456,20252026,11,1,5,Pittsburgh Penguins,25,Dallas Stars,2,3,2,2025,12,7,1380
2025020457,20252026,5,9,19,St. Louis Blues,8,Montréal Canadiens,4,3,1,2025,12,8,0
2025020459,20252026,12,8,29,Columbus Blue Jackets,15,Washington Capitals,0,2,1,2025,12,8,0
2025020460,20252026,4,15,16,Chicago Blackhawks,24,Anaheim Ducks,1,7,1,2025,12,8,60
2025020461,20252026,7,27,14,Tampa Bay Lightning,10,Toronto Maple Leafs,0,2,1,2025,12,9,30
2025020462,20252026,1,12,26,Los Angeles Kings,68,Utah Mammoth,4,2,1,2025,12,9,120
2025020463,20252026,13,28,7,Buffalo Sabres,20,Calgary Flames,4,7,1,2025,12,9,120
2025020464,20252026,8,24,17,Detroit Red Wings,23,Vancouver Canucks,4,0,1,2025,12,9,180
2025020465,20252026,14,10,30,Minnesota Wild,55,Seattle Kraken,4,1,1,2025,12,9,180
2025020466,20252026,5,9,14,Tampa Bay Lightning,8,Montréal Canadiens,6,1,1,2025,12,10,0
2025020467,20252026,12,7,1,New Jersey Devils,9,Ottawa Senators,4,3,1,2025,12,10,0
2025020469,20252026,12,33,28,San Jose Sharks,4,Philadelphia Flyers,1,4,1,2025,12,10,0
2025020470,20252026,12,21,24,Anaheim Ducks,5,Pittsburgh Penguins,4,3,2,2025,12,10,0
2025020471,20252026,12,17,29,Columbus Blue Jackets,12,Carolina Hurricanes,1,4,1,2025,12,10,30
2025020472,20252026,11,13,6,Boston Bruins,19,St. Louis Blues,5,2,1,2025,12,10,60
2025020473,20252026,9,6,25,Dallas Stars,52,Winnipeg Jets,4,3,1,2025,12,10,60
2025020474,20252026,3,25,7,Buffalo Sabres,22,Edmonton Oilers,4,3,0,2025,12,10,120
2025020475,20252026,11,5,21,Colorado Avalanche,18,Nashville Predators,3,4,2,2025,12,10,150
2025020476,20252026,0,32,3,New York Rangers,16,Chicago Blackhawks,0,3,1,2025,12,11,30
2025020477,20252026,13,28,17,Detroit Red Wings,20,Calgary Flames,4,3,1,2025,12,11,90
2025020478,20252026,1,12,13,Florida Panthers,68,Utah Mammoth,4,3,1,2025,12,11,120
2025020479,20252026,14,10,26,Los Angeles Kings,55,Seattle Kraken,2,3,0,2025,12,11,180
2025020480,20252026,7,27,28,San Jose Sharks,10,Toronto Maple Leafs,3,2,0,2025,12,12,0
2025020481,20252026,12,22,14,Tampa Bay Lightning,1,New Jersey Devils,8,4,1,2025,12,12,0
2025020482,20252026,6,31,24,Anaheim Ducks,2,New York Islanders,2,5,1,2025,12,12,0
2025020484,20252026,12,21,8,Montréal Canadiens,5,Pittsburgh Penguins,4,2,1,2025,12,12,0
2025020485,20252026,12,8,12,Carolina Hurricanes,15,Washington Capitals,3,2,2,2025,12,12,0
2025020486,20252026,12,20,9,Ottawa Senators,29,Columbus Blue Jackets,6,3,1,2025,12,12,0
2025020487,20252026,11,5,19,St. Louis Blues,18,Nashville Predators,2,7,1,2025,12,12,60
2025020488,20252026,11,14,25,Dallas Stars,30,Minnesota Wild,2,5,1,2025,12,12,60
2025020489,20252026,9,6,6,Boston Bruins,52,Winnipeg Jets,6,3,1,2025,12,12,60
2025020491,20252026,3,25,17,Detroit Red Wings,22,Edmonton Oilers,1,4,1,2025,12,12,120
2025020490,20252026,1,3,13,Florida Panthers,21,Colorado Avalanche,2,6,1,2025,12,12,150
2025020492,20252026,8,24,7,Buffalo Sabres,23,Vancouver Canucks,3,2,1,2025,12,12,180
2025020493,20252026,11,13,16,Chicago Blackhawks,19,St. Louis Blues,2,3,1,2025,12,13,60
2025020508,20252026,12,22,23,Vancouver Canucks,1,New Jersey Devils,2,1,1,2025,12,14,1050
2025020510,20252026,12,17,4,Philadelphia Flyers,12,Carolina Hurricanes,2,3,2,2025,12,14,1320
2025020511,20252026,11,14,6,Boston Bruins,30,Minnesota Wild,2,6,1,2025,12,14,1380
2025020512,20252026,5,9,22,Edmonton Oilers,8,Montréal Canadiens,1,4,1,2025,12,15,0
2025020513,20252026,14,10,7,Buffalo Sabres,55,Seattle Kraken,3,1,1,2025,12,15,60
2025020514,20252026,12,4,13,Florida Panthers,14,Tampa Bay Lightning,5,2,1,2025,12,16,0
2025020515,20252026,6,19,24,Anaheim Ducks,3,New York Rangers,4,1,1,2025,12,16,0
2025020516,20252026,9,6,9,Ottawa Senators,52,Winnipeg Jets,3,2,0,2025,12,16,30
2025020517,20252026,11,13,18,Nashville Predators,19,St. Louis Blues,5,2,1,2025,12,16,60
2025020518,20252026,11,1,26,Los Angeles Kings,25,Dallas Stars,1,4,1,2025,12,16,60
2025020520,20252026,7,27,16,Chicago Blackhawks,10,Toronto Maple Leafs,2,3,1,2025,12,17,0
2025020521,20252026,5,9,4,Philadelphia Flyers,8,Montréal Canadiens,4,1,1,2025,12,17,0
2025020522,20252026,2,18,2,New York Islanders,17,Detroit Red Wings,2,3,1,2025,12,17,0
2025020523,20252026,6,19,23,Vancouver Canucks,3,New York Rangers,3,0,1,2025,12,17,0
2025020525,20252026,12,20,24,Anaheim Ducks,29,Columbus Blue Jackets,3,4,0,2025,12,17,0
2025020524,20252026,12,21,22,Edmonton Oilers,5,Pittsburgh Penguins,6,4,1,2025,12,17,30
2025020526,20252026,11,14,15,Washington Capitals,30,Minnesota Wild,0,5,1,2025,12,17,60
2025020527,20252026,14,26,20,Calgary Flames,28,San Jose Sharks,3,6,1,2025,12,17,180
2025020528,20252026,14,10,21,Colorado Avalanche,55,Seattle Kraken,5,3,1,2025,12,17,180
2025020529,20252026,12,0,26,Los Angeles Kings,13,Florida Panthers,2,3,1,2025,12,18,0
2025020532,20252026,11,5,12,Carolina Hurricanes,18,Nashville Predators,4,1,1,2025,12,18,60
2025020533,20252026,14,29,1,New Jersey Devils,54,Vegas Golden Knights,2,1,2,2025,12,18,180
2025020534,20252026,12,30,22,Edmonton Oilers,6,Boston Bruins,3,1,1,2025,12,19,0
2025020536,20252026,5,9,16,Chicago Blackhawks,8,Montréal Canadiens,1,4,1,2025,12,19,0
2025020537,20252026,12,7,5,Pittsburgh Penguins,9,Ottawa Senators,0,4,1,2025,12,19,0
2025020538,20252026,12,4,26,Los Angeles Kings,14,Tampa Bay Lightning,2,1,1,2025,12,19,0
2025020539,20252026,12,8,10,Toronto Maple Leafs,15,Washington Capitals,0,4,1,2025,12,19,0
2025020540,20252026,12,20,30,Minnesota Wild,29,Columbus Blue Jackets,5,2,1,2025,12,19,0
2025020535,20252026,6,16,4,Philadelphia Flyers,7,Buffalo Sabres,3,5,1,2025,12,19,30
2025020541,20252026,11,13,3,New York Rangers,19,St. Louis Blues,2,1,0,2025,12,19,60
2025020543,20252026,14,26,25,Dallas Stars,28,San Jose Sharks,5,3,1,2025,12,19,180
2025020544,20252026,12,0,12,Carolina Hurricanes,13,Florida Panthers,3,4,2,2025,12,20,0
2025020545,20252026,6,31,23,Vancouver Canucks,2,New York Islanders,4,1,1,2025,12,20,0
2025020547,20252026,1,12,1,New Jersey Devils,68,Utah Mammoth,2,1,1,2025,12,20,120
2025020548,20252026,4,15,25,Dallas Stars,24,Anaheim Ducks,8,3,1,2025,12,20,180
2025020562,20252026,2,18,15,Washington Capitals,17,Detroit Red Wings,2,3,0,2025,12,21,1080
2025020563,20252026,11,14,21,Colorado Avalanche,30,Minnesota Wild,5,1,1,2025,12,21,1380
2025020564,20252026,12,30,9,Ottawa Senators,6,Boston Bruins,6,2,1,2025,12,22,0
2025020565,20252026,12,22,7,Buffalo Sabres,1,New Jersey Devils,3,1,1,2025,12,22,0
2025020566,20252026,12,21,8,Montréal Canadiens,5,Pittsburgh Penguins,3,4,2,2025,12,22,0
2025020567,20252026,11,5,3,New York Rangers,18,Nashville Predators,1,2,1,2025,12,22,0
2025020568,20252026,11,1,10,Toronto Maple Leafs,25,Dallas Stars,1,5,1,2025,12,22,0
2025020571,20252026,12,4,19,St. Louis Blues,14,Tampa Bay Lightning,1,4,1,2025,12,23,0
2025020572,20252026,12,33,23,Vancouver Canucks,4,Philadelphia Flyers,2,5,1,2025,12,23,30
2025020574,20252026,4,11,29,Columbus Blue Jackets,26,Los Angeles Kings,3,1,1,2025,12,23,180
2025020575,20252026,7,27,5,Pittsburgh Penguins,10,Toronto Maple Leafs,3,6,1,2025,12,23,1260
2025020579,20252026,2,18,25,Dallas Stars,17,Detroit Red Wings,3,4,0,2025,12,23,1410
2025020576,20252026,12,8,3,New York Rangers,15,Washington Capitals,7,3,1,2025,12,24,0
2025020577,20252026,12,30,8,Montréal Canadiens,6,Boston Bruins,6,2,1,2025,12,24,0
2025020578,20252026,12,7,7,Buffalo Sabres,9,Ottawa Senators,3,2,0,2025,12,24,0
2025020580,20252026,6,31,1,New Jersey Devils,2,New York Islanders,1,2,1,2025,12,24,0
2025020581,20252026,12,17,13,Florida Panthers,12,Carolina Hurricanes,5,2,1,2025,12,24,0
2025020582,20252026,11,14,18,Nashville Predators,30,Minnesota Wild,3,2,0,2025,12,24,60
2025020583,20252026,0,32,4,Philadelphia Flyers,16,Chicago Blackhawks,3,1,1,2025,12,24,120
2025020585,20252026,3,25,20,Calgary Flames,22,Edmonton Oilers,1,5,1,2025,12,24,120
2025020586,20252026,14,29,28,San Jose Sharks,54,Vegas Golden Knights,2,7,1,2025,12,24,180
2025020602,20252026,12,4,8,Montréal Canadiens,14,Tampa Bay Lightning,4,5,2,2025,12,28,1320
2025020603,20252026,12,20,2,New York Islanders,29,Columbus Blue Jackets,2,4,1,2025,12,28,1320
2025020601,20252026,2,18,10,Toronto Maple Leafs,17,Detroit Red Wings,2,3,0,2025,12,29,0
2025020604,20252026,0,32,5,Pittsburgh Penguins,16,Chicago Blackhawks,7,3,1,2025,12,29,0
2025020605,20252026,14,10,4,Philadelphia Flyers,55,Seattle Kraken,1,4,1,2025,12,29,60
2025020607,20252026,12,0,15,Washington Capitals,13,Florida Panthers,3,5,1,2025,12,30,0
2025020608,20252026,12,17,3,New York Rangers,12,Carolina Hurricanes,2,3,0,2025,12,30,0
2025020606,20252026,12,7,29,Columbus Blue Jackets,9,Ottawa Senators,4,1,1,2025,12,30,30
2025020609,20252026,9,6,22,Edmonton Oilers,52,Winnipeg Jets,3,1,1,2025,12,30,30
2025020610,20252026,11,13,7,Buffalo Sabres,19,St. Louis Blues,4,2,1,2025,12,30,60
2025020611,20252026,1,3,26,Los Angeles Kings,21,Colorado Avalanche,2,5,1,2025,12,30,120
2025020612,20252026,1,12,18,Nashville Predators,68,Utah Mammoth,4,3,1,2025,12,30,120
2025020613,20252026,13,28,6,Boston Bruins,20,Calgary Flames,1,2,0,2025,12,30,120
2025020614,20252026,14,29,30,Minnesota Wild,54,Vegas Golden Knights,5,2,1,2025,12,30,180
2025020615,20252026,4,15,28,San Jose Sharks,24,Anaheim Ducks,5,4,1,2025,12,30,180
2025020616,20252026,14,10,23,Vancouver Canucks,55,Seattle Kraken,3,2,2,2025,12,30,180
2025020617,20252026,7,27,1,New Jersey Devils,10,Toronto Maple Leafs,0,4,1,2025,12,31,0
2025020618,20252026,12,0,8,Montréal Canadiens,13,Florida Panthers,3,2,0,2025,12,31,0
2025020619,20252026,12,21,12,Carolina Hurricanes,5,Pittsburgh Penguins,1,5,1,2025,12,31,0
2025020620,20252026,0,32,2,New York Islanders,16,Chicago Blackhawks,3,2,2,2025,12,31,90
2025020621,20252026,8,24,4,Philadelphia Flyers,23,Vancouver Canucks,6,3,1,2025,12,31,180
2025020622,20252026,12,8,3,New York Rangers,15,Washington Capitals,3,6,1,2025,12,31,1050
2025020623,20252026,14,29,18,Nashville Predators,54,Vegas Golden Knights,4,2,1,2025,12,31,1200
2025020624,20252026,4,15,14,Tampa Bay Lightning,24,Anaheim Ducks,4,3,0,2025,12,31,1260
2025020625,20252026,14,26,30,Minnesota Wild,28,San Jose Sharks,3,4,2,2025,12,31,1260
2025020627,20252026,12,20,1,New Jersey Devils,29,Columbus Blue Jackets,3,2,1,2026,1,1,0
2025020628,20252026,11,1,7,Buffalo Sabres,25,Dallas Stars,4,1,1,2026,1,1,60
2025020629,20252026,1,3,19,St. Louis Blues,21,Colorado Avalanche,1,6,1,2026,1,1,120
2025020630,20252026,13,28,4,Philadelphia Flyers,20,Calgary Flames,1,5,1,2026,1,1,150
2025020631,20252026,3,25,6,Boston Bruins,22,Edmonton Oilers,6,2,1,2026,1,1,150
2025020632,20252026,12,7,15,Washington Capitals,9,Ottawa Senators,3,4,1,2026,1,1,1080
2025020635,20252026,12,21,17,Detroit Red Wings,5,Pittsburgh Penguins,3,4,0,2026,1,2,0
2025020636,20252026,12,17,8,Montréal Canadiens,12,Carolina Hurricanes,7,5,1,2026,1,2,0
2025020639,20252026,4,11,14,Tampa Bay Lightning,26,Los Angeles Kings,5,3,1,2026,1,2,0
2025020637,20252026,0,32,25,Dallas Stars,16,Chicago Blackhawks,3,4,1,2026,1,2,90
2025020638,20252026,14,10,18,Nashville Predators,55,Seattle Kraken,1,4,1,2026,1,2,180
2025020641,20252026,6,34,3,New York Rangers,13,Florida Panthers,5,1,1,2026,1,3,60
2025020643,20252026,4,15,30,Minnesota Wild,24,Anaheim Ducks,5,2,1,2026,1,3,210
2025020657,20252026,11,1,8,Montréal Canadiens,25,Dallas Stars,4,3,0,2026,1,4,1140
2025020658,20252026,12,20,5,Pittsburgh Penguins,29,Columbus Blue Jackets,5,4,0,2026,1,4,1200
2025020659,20252026,12,0,21,Colorado Avalanche,13,Florida Panthers,1,2,1,2026,1,4,1320
2025020660,20252026,12,22,12,Carolina Hurricanes,1,New Jersey Devils,3,1,1,2026,1,5,0
2025020663,20252026,12,8,24,Anaheim Ducks,15,Washington Capitals,4,7,1,2026,1,6,0
2025020664,20252026,12,7,17,Detroit Red Wings,9,Ottawa Senators,5,3,1,2026,1,6,30
2025020666,20252026,4,11,30,Minnesota Wild,26,Los Angeles Kings,2,4,1,2026,1,6,210
2025020667,20252026,6,16,23,Vancouver Canucks,7,Buffalo Sabres,3,5,1,2026,1,7,0
2025020668,20252026,12,4,21,Colorado Avalanche,14,Tampa Bay Lightning,2,4,1,2026,1,7,0
2025020670,20252026,12,33,24,Anaheim Ducks,4,Philadelphia Flyers,2,5,1,2026,1,7,0
2025020671,20252026,12,17,25,Dallas Stars,12,Carolina Hurricanes,3,6,1,2026,1,7,0
2025020669,20252026,6,31,1,New Jersey Devils,2,New York Islanders,0,9,1,2026,1,7,30
2025020672,20252026,7,27,13,Florida Panthers,10,Toronto Maple Leafs,1,4,1,2026,1,7,30
2025020674,20252026,3,25,18,Nashville Predators,22,Edmonton Oilers,2,6,1,2026,1,7,120
2025020675,20252026,14,26,29,Columbus Blue Jackets,28,San Jose Sharks,2,5,1,2026,1,7,180
2025020676,20252026,14,10,6,Boston Bruins,55,Seattle Kraken,4,7,1,2026,1,7,180
2025020677,20252026,12,8,25,Dallas Stars,15,Washington Capitals,4,1,1,2026,1,8,0
2025020678,20252026,5,9,20,Calgary Flames,8,Montréal Canadiens,1,4,1,2026,1,8,30
2025020679,20252026,0,32,19,St. Louis Blues,16,Chicago Blackhawks,3,7,1,2026,1,8,150
2025020680,20252026,1,12,9,Ottawa Senators,68,Utah Mammoth,1,3,1,2026,1,8,150
2025020681,20252026,4,11,28,San Jose Sharks,26,Los Angeles Kings,4,3,0,2026,1,8,210
2025020682,20252026,12,30,20,Calgary Flames,6,Boston Bruins,1,4,1,2026,1,9,0
2025020683,20252026,5,9,13,Florida Panthers,8,Montréal Canadiens,2,6,1,2026,1,9,0
2025020684,20252026,2,18,23,Vancouver Canucks,17,Detroit Red Wings,1,5,1,2026,1,9,0
2025020685,20252026,6,19,7,Buffalo Sabres,3,New York Rangers,5,2,1,2026,1,9,0
2025020686,20252026,12,33,10,Toronto Maple Leafs,4,Philadelphia Flyers,2,1,0,2026,1,9,0
2025020687,20252026,12,21,1,New Jersey Devils,5,Pittsburgh Penguins,1,4,1,2026,1,9,0
2025020688,20252026,12,17,24,Anaheim Ducks,12,Carolina Hurricanes,2,5,1,2026,1,9,0
2025020689,20252026,11,5,2,New York Islanders,18,Nashville Predators,1,2,2,2026,1,9,60
2025020690,20252026,9,6,22,Edmonton Oilers,52,Winnipeg Jets,4,3,1,2026,1,9,60
2025020691,20252026,1,3,9,Ottawa Senators,21,Colorado Avalanche,2,8,1,2026,1,9,120
2025020692,20252026,14,29,29,Columbus Blue Jackets,54,Vegas Golden Knights,3,5,1,2026,1,9,180
2025020693,20252026,14,10,30,Minnesota Wild,55,Seattle Kraken,3,2,0,2026,1,9,180
2025020694,20252026,0,32,15,Washington Capitals,16,Chicago Blackhawks,5,1,1,2026,1,10,60
2025020695,20252026,9,6,26,Los Angeles Kings,52,Winnipeg Jets,1,5,1,2026,1,10,60
2025020696,20252026,1,12,19,St. Louis Blues,68,Utah Mammoth,2,4,1,2026,1,10,120
2025020711,20252026,9,6,1,New Jersey Devils,52,Winnipeg Jets,3,4,1,2026,1,11,1140
2025020712,20252026,12,30,5,Pittsburgh Penguins,6,Boston Bruins,0,1,1,2026,1,11,1320
2025020713,20252026,11,5,15,Washington Capitals,18,Nashville Predators,2,3,1,2026,1,12,0
2025020714,20252026,1,12,29,Columbus Blue Jackets,68,Utah Mammoth,3,2,0,2026,1,12,0
2025020716,20252026,6,16,13,Florida Panthers,7,Buffalo Sabres,4,3,1,2026,1,13,0
2025020717,20252026,2,18,12,Carolina Hurricanes,17,Detroit Red Wings,3,4,0,2026,1,13,0
2025020719,20252026,12,33,14,Tampa Bay Lightning,4,Philadelphia Flyers,5,1,1,2026,1,13,0
2025020720,20252026,5,9,23,Vancouver Canucks,8,Montréal Canadiens,3,6,1,2026,1,13,30
2025020721,20252026,11,14,1,New Jersey Devils,30,Minnesota Wild,5,2,1,2026,1,13,60
2025020722,20252026,0,32,22,Edmonton Oilers,16,Chicago Blackhawks,4,1,1,2026,1,13,90
2025020723,20252026,1,3,10,Toronto Maple Leafs,21,Colorado Avalanche,4,3,0,2026,1,13,180
2025020724,20252026,4,11,25,Dallas Stars,26,Los Angeles Kings,3,1,1,2026,1,13,180
2025020725,20252026,12,7,23,Vancouver Canucks,9,Ottawa Senators,1,2,1,2026,1,14,0
2025020726,20252026,12,21,14,Tampa Bay Lightning,5,Pittsburgh Penguins,2,1,2,2026,1,14,0
2025020727,20252026,12,8,8,Montréal Canadiens,15,Washington Capitals,2,3,0,2026,1,14,0
2025020728,20252026,12,20,20,Calgary Flames,29,Columbus Blue Jackets,3,5,1,2026,1,14,0
2025020729,20252026,12,30,17,Detroit Red Wings,6,Boston Bruins,0,3,1,2026,1,14,30
2025020730,20252026,11,13,12,Carolina Hurricanes,19,St. Louis Blues,0,3,1,2026,1,14,30
2025020731,20252026,11,5,22,Edmonton Oilers,18,Nashville Predators,3,4,0,2026,1,14,60
2025020732,20252026,9,6,2,New York Islanders,52,Winnipeg Jets,4,5,1,2026,1,14,60
2025020733,20252026,1,12,10,Toronto Maple Leafs,68,Utah Mammoth,1,6,1,2026,1,14,180
2025020734,20252026,4,15,25,Dallas Stars,24,Anaheim Ducks,1,3,1,2026,1,14,180
2025020736,20252026,6,16,4,Philadelphia Flyers,7,Buffalo Sabres,2,5,1,2026,1,15,30
2025020737,20252026,6,19,9,Ottawa Senators,3,New York Rangers,8,4,1,2026,1,15,30
2025020740,20252026,6,16,8,Montréal Canadiens,7,Buffalo Sabres,3,5,1,2026,1,16,0
2025020741,20252026,12,21,4,Philadelphia Flyers,5,Pittsburgh Penguins,3,6,1,2026,1,16,0
2025020742,20252026,12,8,28,San Jose Sharks,15,Washington Capitals,3,2,1,2026,1,16,0
2025020743,20252026,12,20,23,Vancouver Canucks,29,Columbus Blue Jackets,1,4,1,2026,1,16,0
2025020745,20252026,0,32,20,Calgary Flames,16,Chicago Blackhawks,3,1,1,2026,1,16,90
2025020746,20252026,1,12,25,Dallas Stars,68,Utah Mammoth,1,2,1,2026,1,16,120
2025020747,20252026,3,25,2,New York Islanders,22,Edmonton Oilers,1,0,1,2026,1,16,120
2025020748,20252026,14,29,10,Toronto Maple Leafs,54,Vegas Golden Knights,5,6,0,2026,1,16,150
2025020749,20252026,2,18,28,San Jose Sharks,17,Detroit Red Wings,2,4,1,2026,1,17,0
2025020750,20252026,12,17,13,Florida Panthers,12,Carolina Hurricanes,1,9,1,2026,1,17,0
2025020751,20252026,11,13,14,Tampa Bay Lightning,19,St. Louis Blues,2,3,2,2026,1,17,60
2025020752,20252026,1,3,18,Nashville Predators,21,Colorado Avalanche,7,3,1,2026,1,17,120
2025020753,20252026,4,11,24,Anaheim Ducks,26,Los Angeles Kings,3,2,2,2026,1,17,210
2025020767,20252026,11,1,14,Tampa Bay Lightning,25,Dallas Stars,4,1,1,2026,1,18,1140
2025020768,20252026,2,18,9,Ottawa Senators,17,Detroit Red Wings,3,4,0,2026,1,18,1320
2025020769,20252026,3,25,19,St. Louis Blues,22,Edmonton Oilers,0,5,1,2026,1,19,60
2025020770,20252026,12,17,7,Buffalo Sabres,12,Carolina Hurricanes,1,2,1,2026,1,19,1110
2025020771,20252026,1,3,15,Washington Capitals,21,Colorado Avalanche,2,5,1,2026,1,19,1260
2025020772,20252026,14,10,5,Pittsburgh Penguins,55,Seattle Kraken,6,3,1,2026,1,19,1320
2025020773,20252026,12,0,28,San Jose Sharks,13,Florida Panthers,4,1,1,2026,1,19,1380
2025020774,20252026,7,27,30,Minnesota Wild,10,Toronto Maple Leafs,6,3,1,2026,1,20,30
2025020775,20252026,14,29,4,Philadelphia Flyers,54,Vegas Golden Knights,2,1,1,2026,1,20,60
2025020777,20252026,13,28,1,New Jersey Devils,20,Calgary Flames,2,1,0,2026,1,20,120
2025020778,20252026,8,24,2,New York Islanders,23,Vancouver Canucks,4,3,1,2026,1,20,180
2025020779,20252026,4,15,3,New York Rangers,24,Anaheim Ducks,3,5,1,2026,1,20,180
2025020780,20252026,5,9,30,Minnesota Wild,8,Montréal Canadiens,3,4,1,2026,1,21,0
2025020781,20252026,12,4,28,San Jose Sharks,14,Tampa Bay Lightning,1,4,1,2026,1,21,0
2025020782,20252026,12,20,9,Ottawa Senators,29,Columbus Blue Jackets,4,1,1,2026,1,21,0
2025020783,20252026,11,1,6,Boston Bruins,25,Dallas Stars,2,6,1,2026,1,21,30
2025020784,20252026,11,5,7,Buffalo Sabres,18,Nashville Predators,5,3,1,2026,1,21,60
2025020785,20252026,9,6,19,St. Louis Blues,52,Winnipeg Jets,1,3,1,2026,1,21,60
2025020786,20252026,3,25,1,New Jersey Devils,22,Edmonton Oilers,2,1,1,2026,1,21,180
2025020787,20252026,4,11,3,New York Rangers,26,Los Angeles Kings,3,4,1,2026,1,21,180
2025020788,20252026,7,27,17,Detroit Red Wings,10,Toronto Maple Leafs,2,1,0,2026,1,22,0
2025020789,20252026,1,3,24,Anaheim Ducks,21,Colorado Avalanche,2,1,2,2026,1,22,120
2025020790,20252026,1,12,4,Philadelphia Flyers,68,Utah Mammoth,4,5,0,2026,1,22,120
2025020791,20252026,13,28,5,Pittsburgh Penguins,20,Calgary Flames,4,1,1,2026,1,22,150
2025020793,20252026,14,10,2,New York Islanders,55,Seattle Kraken,1,4,1,2026,1,22,150
2025020792,20252026,8,24,15,Washington Capitals,23,Vancouver Canucks,3,4,1,2026,1,22,180
2025020795,20252026,5,9,7,Buffalo Sabres,8,Montréal Canadiens,4,2,1,2026,1,23,0
2025020796,20252026,12,17,16,Chicago Blackhawks,12,Carolina Hurricanes,4,3,2,2026,1,23,0
2025020797,20252026,12,20,25,Dallas Stars,29,Columbus Blue Jackets,0,1,1,2026,1,23,0
2025020798,20252026,11,5,9,Ottawa Senators,18,Nashville Predators,3,5,1,2026,1,23,60
2025020799,20252026,9,6,13,Florida Panthers,52,Winnipeg Jets,2,1,2,2026,1,23,60
2025020800,20252026,3,25,5,Pittsburgh Penguins,22,Edmonton Oilers,6,2,1,2026,1,23,120
2025020801,20252026,11,14,17,Detroit Red Wings,30,Minnesota Wild,3,4,0,2026,1,23,150
2025020803,20252026,0,32,14,Tampa Bay Lightning,16,Chicago Blackhawks,2,1,2,2026,1,24,0
2025020804,20252026,11,1,19,St. Louis Blues,25,Dallas Stars,2,3,1,2026,1,24,60
2025020805,20252026,1,3,4,Philadelphia Flyers,21,Colorado Avalanche,7,3,1,2026,1,24,120
2025020806,20252026,13,28,15,Washington Capitals,20,Calgary Flames,3,1,1,2026,1,24,120
2025020807,20252026,8,24,1,New Jersey Devils,23,Vancouver Canucks,5,4,1,2026,1,24,180
2025020808,20252026,14,26,3,New York Rangers,28,San Jose Sharks,1,3,1,2026,1,24,180
2025020809,20252026,14,10,24,Anaheim Ducks,55,Seattle Kraken,4,2,1,2026,1,24,180
2025020819,20252026,7,27,21,Colorado Avalanche,10,Toronto Maple Leafs,4,1,1,2026,1,25,1110
2025020820,20252026,14,10,1,New Jersey Devils,55,Seattle Kraken,2,4,1,2026,1,25,1200
2025020822,20252026,8,24,5,Pittsburgh Penguins,23,Vancouver Canucks,3,2,1,2026,1,25,1380
2025020823,20252026,0,32,13,Florida Panthers,16,Chicago Blackhawks,5,1,1,2026,1,26,0
2025020824,20252026,13,28,24,Anaheim Ducks,20,Calgary Flames,4,3,0,2026,1,26,60
2025020826,20252026,6,19,6,Boston Bruins,3,New York Rangers,3,4,0,2026,1,27,0
2025020827,20252026,12,33,2,New York Islanders,4,Philadelphia Flyers,4,0,1,2026,1,27,0
2025020829,20252026,3,25,24,Anaheim Ducks,22,Edmonton Oilers,4,7,1,2026,1,27,90
2025020830,20252026,12,30,18,Nashville Predators,6,Boston Bruins,2,3,0,2026,1,28,0
2025020831,20252026,7,27,7,Buffalo Sabres,10,Toronto Maple Leafs,7,4,1,2026,1,28,0
2025020833,20252026,2,18,26,Los Angeles Kings,17,Detroit Red Wings,3,1,1,2026,1,28,0
2025020836,20252026,11,13,25,Dallas Stars,19,St. Louis Blues,4,3,1,2026,1,28,60
2025020837,20252026,11,14,16,Chicago Blackhawks,30,Minnesota Wild,3,4,2,2026,1,28,60
2025020838,20252026,8,24,28,San Jose Sharks,23,Vancouver Canucks,5,2,1,2026,1,28,180
2025020839,20252026,14,10,15,Washington Capitals,55,Seattle Kraken,1,5,1,2026,1,28,180
2025020842,20252026,6,31,3,New York Rangers,2,New York Islanders,2,5,1,2026,1,29,0
2025020840,20252026,12,20,4,Philadelphia Flyers,29,Columbus Blue Jackets,3,5,1,2026,1,29,30
2025020841,20252026,12,7,21,Colorado Avalanche,9,Ottawa Senators,2,5,1,2026,1,29,30
2025020843,20252026,12,30,4,Philadelphia Flyers,6,Boston Bruins,3,6,1,2026,1,30,0
2025020844,20252026,6,16,26,Los Angeles Kings,7,Buffalo Sabres,1,4,1,2026,1,30,0
2025020845,20252026,5,9,21,Colorado Avalanche,8,Montréal Canadiens,3,7,1,2026,1,30,0
2025020848,20252026,12,22,18,Nashville Predators,1,New Jersey Devils,2,3,0,2026,1,30,0
2025020849,20252026,6,19,2,New York Islanders,3,New York Rangers,2,1,1,2026,1,30,0
2025020850,20252026,12,21,16,Chicago Blackhawks,5,Pittsburgh Penguins,2,6,1,2026,1,30,0
2025020846,20252026,2,18,15,Washington Capitals,17,Detroit Red Wings,4,3,2,2026,1,30,30
2025020852,20252026,11,13,13,Florida Panthers,19,St. Louis Blues,4,5,1,2026,1,30,60
2025020853,20252026,11,14,20,Calgary Flames,30,Minnesota Wild,1,4,1,2026,1,30,60
2025020854,20252026,3,25,28,San Jose Sharks,22,Edmonton Oilers,3,4,0,2026,1,30,120
2025020855,20252026,8,24,24,Anaheim Ducks,23,Vancouver Canucks,0,2,1,2026,1,30,180
2025020856,20252026,14,29,25,Dallas Stars,54,Vegas Golden Knights,5,4,2,2026,1,30,180
2025020857,20252026,14,10,10,Toronto Maple Leafs,55,Seattle Kraken,2,5,1,2026,1,30,180
2025020858,20252026,0,32,29,Columbus Blue Jackets,16,Chicago Blackhawks,4,2,1,2026,1,31,90
2025020874,20252026,12,17,26,Los Angeles Kings,12,Carolina Hurricanes,2,3,0,2026,2,1,1200
2025020873,20252026,6,23,6,Boston Bruins,14,Tampa Bay Lightning,5,6,2,2026,2,1,1410
2025020876,20252026,12,0,7,Buffalo Sabres,13,Florida Panthers,5,3,1,2026,2,3,0
2025020877,20252026,12,21,9,Ottawa Senators,5,Pittsburgh Penguins,3,2,1,2026,2,3,0
2025020878,20252026,12,8,2,New York Islanders,15,Washington Capitals,1,4,1,2026,2,3,0
2025020879,20252026,11,14,8,Montréal Canadiens,30,Minnesota Wild,3,4,0,2026,2,3,30
2025020880,20252026,11,5,19,St. Louis Blues,18,Nashville Predators,5,6,1,2026,2,3,60
2025020881,20252026,0,32,28,San Jose Sharks,16,Chicago Blackhawks,3,6,1,2026,2,3,90
2025020883,20252026,1,3,17,Detroit Red Wings,21,Colorado Avalanche,2,0,1,2026,2,3,120
2025020884,20252026,1,12,23,Vancouver Canucks,68,Utah Mammoth,2,6,1,2026,2,3,150
2025020885,20252026,13,28,10,Toronto Maple Leafs,20,Calgary Flames,4,2,1,2026,2,3,180
2025020887,20252026,12,22,29,Columbus Blue Jackets,1,New Jersey Devils,3,0,1,2026,2,4,0
2025020889,20252026,12,33,15,Washington Capitals,4,Philadelphia Flyers,2,4,1,2026,2,4,0
2025020890,20252026,12,17,9,Ottawa Senators,12,Carolina Hurricanes,3,4,1,2026,2,4,0
2025020886,20252026,12,4,7,Buffalo Sabres,14,Tampa Bay Lightning,3,4,0,2026,2,4,30
2025020888,20252026,6,31,5,Pittsburgh Penguins,2,New York Islanders,4,5,0,2026,2,4,30
2025020891,20252026,3,25,10,Toronto Maple Leafs,22,Edmonton Oilers,5,2,1,2026,2,4,90
2025020893,20252026,12,0,6,Boston Bruins,13,Florida Panthers,4,5,2,2026,2,5,0
2025020894,20252026,12,20,16,Chicago Blackhawks,29,Columbus Blue Jackets,0,4,1,2026,2,5,0
2025020895,20252026,9,6,8,Montréal Canadiens,52,Winnipeg Jets,5,1,1,2026,2,5,0
2025020896,20252026,11,5,30,Minnesota Wild,18,Nashville Predators,6,5,0,2026,2,5,60
2025020897,20252026,1,3,28,San Jose Sharks,21,Colorado Avalanche,2,4,1,2026,2,5,120
2025020898,20252026,1,12,17,Detroit Red Wings,68,Utah Mammoth,1,4,1,2026,2,5,120
2025020899,20252026,11,1,19,St. Louis Blues,25,Dallas Stars,4,5,1,2026,2,5,150
2025020900,20252026,13,28,22,Edmonton Oilers,20,Calgary Flames,3,4,1,2026,2,5,180
2025020901,20252026,14,29,23,Vancouver Canucks,54,Vegas Golden Knights,2,5,1,2026,2,5,180
2025020903,20252026,6,16,5,Pittsburgh Penguins,7,Buffalo Sabres,5,2,1,2026,2,6,0
2025020905,20252026,12,22,2,New York Islanders,1,New Jersey Devils,3,1,1,2026,2,6,0
2025020906,20252026,6,19,12,Carolina Hurricanes,3,New York Rangers,2,0,1,2026,2,6,0
2025020907,20252026,12,33,9,Ottawa Senators,4,Philadelphia Flyers,2,1,0,2026,2,6,0
2025020908,20252026,12,8,18,Nashville Predators,15,Washington Capitals,2,4,1,2026,2,6,0
2025020904,20252026,12,4,13,Florida Panthers,14,Tampa Bay Lightning,1,6,1,2026,2,6,30
2025020909,20252026,14,29,26,Los Angeles Kings,54,Vegas Golden Knights,1,4,1,2026,2,6,180
2025020910,20252026,12,22,7,Buffalo Sabres,1,New Jersey Devils,6.35626179,4.988511868,0.989446707,2026,2,26,0
2025020911,20252026,12,8,4,Philadelphia Flyers,15,Washington Capitals,6.297715053,5.160092358,1.035573552,2026,2,26,0
2025020912,20252026,12,4,10,Toronto Maple Leafs,14,Tampa Bay Lightning,6.214362018,5.185489975,1.032131776,2026,2,26,30
2025020914,20252026,1,12,21,Colorado Avalanche,68,Utah Mammoth,6.423660107,5.290554244,1.045272014,2026,2,26,120
2025020917,20252026,4,15,22,Edmonton Oilers,24,Anaheim Ducks,6.220312349,5.100241601,0.989067566,2026,2,26,210
2025020918,20252026,12,30,29,Columbus Blue Jackets,6,Boston Bruins,6.278775677,4.891285941,0.948585237,2026,2,27,0
2025020919,20252026,5,9,2,New York Islanders,8,Montréal Canadiens,6.392723933,5.195332058,1.012951928,2026,2,27,0
2025020920,20252026,12,7,17,Detroit Red Wings,9,Ottawa Senators,6.170756295,5.130195819,1.009776485,2026,2,27,0
2025020921,20252026,12,0,10,Toronto Maple Leafs,13,Florida Panthers,6.152565897,5.207328659,1.037060477,2026,2,27,0
2025020922,20252026,12,21,1,New Jersey Devils,5,Pittsburgh Penguins,6.277321339,4.957298551,1.003061204,2026,2,27,0
2025020923,20252026,12,17,14,Tampa Bay Lightning,12,Carolina Hurricanes,6.173112765,4.993070435,0.999016039,2026,2,27,0
2025020924,20252026,6,19,4,Philadelphia Flyers,3,New York Rangers,6.283850998,5.005652923,0.986287941,2026,2,27,60
2025020926,20252026,11,5,16,Chicago Blackhawks,18,Nashville Predators,6.04472921,5.108949985,1.021473931,2026,2,27,60
2025020927,20252026,1,3,30,Minnesota Wild,21,Colorado Avalanche,6.087408379,5.20932119,0.986521756,2026,2,27,120
2025020928,20252026,14,26,20,Calgary Flames,28,San Jose Sharks,6.062006705,4.855020579,0.997122281,2026,2,27,180
2025020929,20252026,4,11,22,Edmonton Oilers,26,Los Angeles Kings,6.087732479,5.092362124,0.996529228,2026,2,27,210
2025020930,20252026,12,0,7,Buffalo Sabres,13,Florida Panthers,6.130815148,5.192261755,1.0408247,2026,2,28,0
2025020932,20252026,1,12,30,Minnesota Wild,68,Utah Mammoth,6.298395298,5.24875265,1.03045626,2026,2,28,120
2025020949,20252026,1,12,16,Chicago Blackhawks,68,Utah Mammoth,6.519867271,5.289028112,1.088967904,2026,3,1,1260
2025020951,20252026,11,14,19,St. Louis Blues,30,Minnesota Wild,6.232920818,5.067498732,1.054186533,2026,3,1,1320
2025020948,20252026,6,31,13,Florida Panthers,2,New York Islanders,6.45235958,4.916538253,0.989494774,2026,3,1,1410
2025020952,20252026,4,15,20,Calgary Flames,24,Anaheim Ducks,6.524083197,5.117620524,1.024833412,2026,3,2,60
2025020955,20252026,11,5,17,Detroit Red Wings,18,Nashville Predators,6.262191296,5.175375417,1.058653948,2026,3,2,1140
2025020953,20252026,6,19,29,Columbus Blue Jackets,3,New York Rangers,6.590523228,5.083434612,0.985054695,2026,3,3,0
2025020954,20252026,7,27,4,Philadelphia Flyers,10,Toronto Maple Leafs,6.744788803,5.0117171,1.018774009,2026,3,3,30
2025020956,20252026,8,24,25,Dallas Stars,23,Vancouver Canucks,6.570585743,5.030522652,1.011003651,2026,3,3,180
2025020957,20252026,14,10,12,Carolina Hurricanes,55,Seattle Kraken,6.513154738,5.194080099,1.107224538,2026,3,3,180
2025020958,20252026,4,11,21,Colorado Avalanche,26,Los Angeles Kings,6.534573793,5.193882439,1.034345395,2026,3,3,210
2025020959,20252026,12,30,5,Pittsburgh Penguins,6,Boston Bruins,6.736680828,4.955229856,1.018587259,2026,3,4,0
2025020961,20252026,12,22,13,Florida Panthers,1,New Jersey Devils,6.587135889,4.999030877,1.013598832,2026,3,4,0
2025020963,20252026,12,20,18,Nashville Predators,29,Columbus Blue Jackets,6.555710137,5.052878231,1.04370024,2026,3,4,0
2025020964,20252026,9,6,16,Chicago Blackhawks,52,Winnipeg Jets,6.554033399,5.274643127,1.093521166,2026,3,4,60
2025020965,20252026,13,28,25,Dallas Stars,20,Calgary Flames,6.474767976,4.913699318,1.009806971,2026,3,4,120
2025020966,20252026,3,25,9,Ottawa Senators,22,Edmonton Oilers,6.674861208,5.042492948,1.019736029,2026,3,4,120
2025020967,20252026,11,14,14,Tampa Bay Lightning,30,Minnesota Wild,6.455578931,5.090232298,1.05831685,2026,3,4,150
2025020968,20252026,4,15,21,Colorado Avalanche,24,Anaheim Ducks,6.490119636,5.114448365,1.023487252,2026,3,4,180
2025020969,20252026,14,26,8,Montréal Canadiens,28,San Jose Sharks,6.454501219,4.909630258,1.049248942,2026,3,4,180
2025020971,20252026,12,22,10,Toronto Maple Leafs,1,New Jersey Devils,6.539984085,4.971275125,1.016906176,2026,3,5,0
2025020972,20252026,8,24,12,Carolina Hurricanes,23,Vancouver Canucks,6.616042532,5.031211525,1.029873149,2026,3,5,180
2025020973,20252026,4,15,2,New York Islanders,24,Anaheim Ducks,6.657187246,5.162582524,1.052912804,2026,3,5,180
2025020974,20252026,14,10,19,St. Louis Blues,55,Seattle Kraken,6.424192756,5.166523065,1.095844889,2026,3,5,180
2025020975,20252026,6,19,10,Toronto Maple Leafs,3,New York Rangers,6.706785053,5.109456711,1.013527892,2026,3,6,0
2025020977,20252026,12,21,7,Buffalo Sabres,5,Pittsburgh Penguins,6.597097255,5.013861373,1.028793105,2026,3,6,0
2025020978,20252026,12,20,13,Florida Panthers,29,Columbus Blue Jackets,6.582960874,5.060033139,1.051109709,2026,3,6,0
2025020979,20252026,11,5,6,Boston Bruins,18,Nashville Predators,6.502521388,5.203336161,1.071953404,2026,3,6,60
2025020980,20252026,9,6,14,Tampa Bay Lightning,52,Winnipeg Jets,6.539530426,5.266775623,1.096004916,2026,3,6,60
2025020981,20252026,13,28,9,Ottawa Senators,20,Calgary Flames,6.536577418,4.91672175,1.033145308,2026,3,6,120
2025020982,20252026,4,11,2,New York Islanders,26,Los Angeles Kings,6.601587497,5.191012379,1.061585369,2026,3,6,150
2025020983,20252026,2,18,13,Florida Panthers,17,Detroit Red Wings,6.761426352,5.180867773,1.019553113,2026,3,7,0
2025020984,20252026,11,1,21,Colorado Avalanche,25,Dallas Stars,6.476312853,5.283596151,1.066508789,2026,3,7,60
2025020985,20252026,0,32,23,Vancouver Canucks,16,Chicago Blackhawks,6.760324255,5.018058706,0.974086038,2026,3,7,90
2025020986,20252026,3,25,12,Carolina Hurricanes,22,Edmonton Oilers,6.722005628,5.076779991,1.016351489,2026,3,7,120
2025020987,20252026,4,15,8,Montréal Canadiens,24,Anaheim Ducks,6.651433244,5.170355458,1.04407394,2026,3,7,120
2025020988,20252026,14,29,30,Minnesota Wild,54,Vegas Golden Knights,6.49398499,4.966555368,1.045184693,2026,3,7,180
2025020989,20252026,14,26,19,St. Louis Blues,28,San Jose Sharks,6.458038554,4.937694471,1.033947495,2026,3,7,180
2025021001,20252026,1,3,30,Minnesota Wild,21,Colorado Avalanche,6.313418224,5.279292509,1.024436663,2026,3,8,1080
2025021002,20252026,12,21,6,Boston Bruins,5,Pittsburgh Penguins,6.316677622,4.963062495,1.032224364,2026,3,8,1230
2025021003,20252026,6,16,14,Tampa Bay Lightning,7,Buffalo Sabres,6.312035576,5.063156981,1.018892218,2026,3,8,1320
2025021004,20252026,11,1,16,Chicago Blackhawks,25,Dallas Stars,6.153419003,5.204310954,1.074935336,2026,3,8,1320
2025021005,20252026,12,22,17,Detroit Red Wings,1,New Jersey Devils,6.173969023,4.905639082,1.008514574,2026,3,8,1380
2025021006,20252026,4,15,19,St. Louis Blues,24,Anaheim Ducks,6.491419598,5.110794857,1.025502615,2026,3,9,60
2025021007,20252026,14,29,22,Edmonton Oilers,54,Vegas Golden Knights,6.438315161,4.920016751,1.05475629,2026,3,9,90
2025020828,20252026,12,20,26,Los Angeles Kings,29,Columbus Blue Jackets,10.86269484,7.313935723,1.116887717,2026,3,9,1200
2025021008,20252026,12,33,3,New York Rangers,4,Philadelphia Flyers,6.432392292,4.863070954,1.015786915,2026,3,9,1380
2025021009,20252026,12,8,20,Calgary Flames,15,Washington Capitals,6.197019815,5.131285124,1.047740394,2026,3,9,1380
2025021011,20252026,8,24,9,Ottawa Senators,23,Vancouver Canucks,6.59739235,5.01564702,1.032921246,2026,3,10,60
2025021012,20252026,12,30,26,Los Angeles Kings,6,Boston Bruins,6.383251481,4.928013328,0.990882248,2026,3,10,1380
2025021013,20252026,6,16,28,San Jose Sharks,7,Buffalo Sabres,6.361170739,5.122491404,1.000602891,2026,3,10,1380
2025021014,20252026,5,9,10,Toronto Maple Leafs,8,Montréal Canadiens,6.411838941,5.210814208,1.038406313,2026,3,10,1380
2025021015,20252026,12,4,29,Columbus Blue Jackets,14,Tampa Bay Lightning,6.161591887,5.185946912,1.040792943,2026,3,10,1380
2025021016,20252026,12,0,17,Detroit Red Wings,13,Florida Panthers,6.177131787,5.22358866,1.064004475,2026,3,10,1380
2025021017,20252026,6,19,20,Calgary Flames,3,New York Rangers,6.31171497,5.036775511,1.000419711,2026,3,10,1380
2025021018,20252026,12,17,5,Pittsburgh Penguins,12,Carolina Hurricanes,6.284892835,5.021776084,1.049793851,2026,3,10,1380
2025021019,20252026,11,13,2,New York Islanders,19,St. Louis Blues,6.282216698,5.0809756,1.067619779,2026,3,10,1410
2025021022,20252026,9,6,24,Anaheim Ducks,52,Winnipeg Jets,6.371484615,5.208304144,1.078796601,2026,3,11,30
2025021023,20252026,1,3,22,Edmonton Oilers,21,Colorado Avalanche,6.394583821,5.240527075,1.031412674,2026,3,11,120
2025021024,20252026,14,10,18,Nashville Predators,55,Seattle Kraken,6.304181308,5.110139139,1.09461485,2026,3,11,120
2025021025,20252026,12,7,8,Montréal Canadiens,9,Ottawa Senators,6.218254916,5.13056938,1.059552533,2026,3,11,1410
2025021026,20252026,12,33,15,Washington Capitals,4,Philadelphia Flyers,6.289997846,4.820693027,0.996662054,2026,3,11,1410
2025021027,20252026,12,30,28,San Jose Sharks,6,Boston Bruins,6.372346021,4.929723267,0.987864423,2026,3,12,1380
2025021028,20252026,6,16,15,Washington Capitals,7,Buffalo Sabres,6.432028569,5.135869134,1.019929267,2026,3,12,1380
2025021029,20252026,7,27,24,Anaheim Ducks,10,Toronto Maple Leafs,6.410282321,4.994764097,0.992569422,2026,3,12,1380
2025021030,20252026,12,4,17,Detroit Red Wings,14,Tampa Bay Lightning,6.226998836,5.198546793,1.058629706,2026,3,12,1380
2025021031,20252026,12,0,29,Columbus Blue Jackets,13,Florida Panthers,6.111717463,5.217520069,1.046090517,2026,3,12,1380
2025021032,20252026,12,22,20,Calgary Flames,1,New Jersey Devils,6.233812124,4.947903376,1.005339174,2026,3,12,1380
2025021033,20252026,12,17,19,St. Louis Blues,12,Carolina Hurricanes,6.208576739,5.014151786,1.028900667,2026,3,12,1380
2025021034,20252026,11,1,22,Edmonton Oilers,25,Dallas Stars,6.345399633,5.225656517,1.062299524,2026,3,13,0
2025021035,20252026,11,14,4,Philadelphia Flyers,30,Minnesota Wild,6.501255594,5.097575687,1.072012191,2026,3,13,0
2025021036,20252026,9,6,3,New York Rangers,52,Winnipeg Jets,6.512127571,5.238836326,1.11033703,2026,3,13,0
2025021037,20252026,1,12,16,Chicago Blackhawks,68,Utah Mammoth,6.601726614,5.263710748,1.083260777,2026,3,13,60
2025021038,20252026,8,24,18,Nashville Predators,23,Vancouver Canucks,6.43247015,4.959959418,1.01772034,2026,3,13,120
2025021039,20252026,14,29,5,Pittsburgh Penguins,54,Vegas Golden Knights,6.479393773,4.916151058,1.079248496,2026,3,13,120
2025021040,20252026,14,10,21,Colorado Avalanche,55,Seattle Kraken,6.262423918,5.098382369,1.089650534,2026,3,13,120
2025021041,20252026,6,31,26,Los Angeles Kings,2,New York Islanders,6.306049779,4.886196252,0.968367845,2026,3,13,1380
2025021042,20252026,11,13,22,Edmonton Oilers,19,St. Louis Blues,6.387517191,5.078182302,1.033441042,2026,3,14,0
2025021057,20252026,9,6,19,St. Louis Blues,52,Winnipeg Jets,6.242978007,5.220297702,1.08979318,2026,3,15,1140
2025021058,20252026,12,7,28,San Jose Sharks,9,Ottawa Senators,6.036911614,5.074690934,1.027513772,2026,3,15,1260
2025021059,20252026,5,9,24,Anaheim Ducks,8,Montréal Canadiens,6.145009466,5.112921979,1.014028641,2026,3,15,1380
2025021060,20252026,11,14,10,Toronto Maple Leafs,30,Minnesota Wild,6.17801784,5.051875181,1.065974551,2026,3,15,1410
2025021061,20252026,3,25,18,Nashville Predators,22,Edmonton Oilers,6.501883805,4.984612986,1.003174598,2026,3,16,0
2025021062,20252026,14,10,13,Florida Panthers,55,Seattle Kraken,6.321833938,5.108819198,1.101099054,2026,3,16,0
2025021063,20252026,2,18,20,Calgary Flames,17,Detroit Red Wings,6.36999917,5.112339817,1.010588839,2026,3,16,1380
2025021064,20252026,12,22,6,Boston Bruins,1,New Jersey Devils,6.259315059,4.939946901,1.025202808,2026,3,16,1380
2025021065,20252026,6,19,26,Los Angeles Kings,3,New York Rangers,6.202795446,5.003838766,0.989995601,2026,3,16,1380
2025021067,20252026,1,3,5,Pittsburgh Penguins,21,Colorado Avalanche,6.513415858,5.274479143,1.056917455,2026,3,17,90
2025021068,20252026,7,27,2,New York Islanders,10,Toronto Maple Leafs,6.492091022,5.001007691,1.024559103,2026,3,17,1380
2025021069,20252026,5,9,6,Boston Bruins,8,Montréal Canadiens,6.370126948,5.193633243,1.043087477,2026,3,17,1380
2025021070,20252026,12,20,12,Carolina Hurricanes,29,Columbus Blue Jackets,6.311340243,5.039060209,1.05539438,2026,3,17,1380
2025021072,20252026,0,32,30,Minnesota Wild,16,Chicago Blackhawks,6.383149713,4.953993551,0.965011439,2026,3,17,1410
2025021071,20252026,9,6,18,Nashville Predators,52,Winnipeg Jets,6.493857667,5.267054781,1.089038533,2026,3,18,0
2025021073,20252026,3,25,28,San Jose Sharks,22,Edmonton Oilers,6.522020429,5.021681108,0.989929968,2026,3,18,60
2025021074,20252026,8,24,13,Florida Panthers,23,Vancouver Canucks,6.497816928,4.991046075,1.02575723,2026,3,18,120
2025021075,20252026,14,29,7,Buffalo Sabres,54,Vegas Golden Knights,6.506584346,4.941792745,1.076858093,2026,3,18,120
2025021076,20252026,14,10,14,Tampa Bay Lightning,55,Seattle Kraken,6.338672474,5.131024733,1.100666651,2026,3,18,120
2025021077,20252026,6,19,1,New Jersey Devils,3,New York Rangers,6.41526705,5.064617295,1.028567974,2026,3,18,1380
2025021078,20252026,12,17,5,Pittsburgh Penguins,12,Carolina Hurricanes,6.284878075,5.034838665,1.04963946,2026,3,18,1380
2025021079,20252026,12,8,9,Ottawa Senators,15,Washington Capitals,6.192683376,5.124571994,1.062969986,2026,3,18,1410
2025021080,20252026,1,3,25,Dallas Stars,21,Colorado Avalanche,6.45519653,5.287565436,1.028000347,2026,3,19,90
2025021081,20252026,13,28,19,St. Louis Blues,20,Calgary Flames,6.419318952,4.896690555,1.016696359,2026,3,19,90
2025021082,20252026,4,15,4,Philadelphia Flyers,24,Anaheim Ducks,6.546209432,5.129616469,1.047516413,2026,3,19,120
2025021084,20252026,12,7,2,New York Islanders,9,Ottawa Senators,6.277123511,5.159230705,1.068632969,2026,3,19,1380
2025021085,20252026,2,18,8,Montréal Canadiens,17,Detroit Red Wings,6.448104799,5.132916946,1.028634742,2026,3,19,1380
2025021086,20252026,12,20,3,New York Rangers,29,Columbus Blue Jackets,6.334993482,5.036637675,1.068305423,2026,3,19,1380
2025021088,20252026,11,14,16,Chicago Blackhawks,30,Minnesota Wild,6.196107239,5.07911706,1.057873433,2026,3,19,1410
2025021089,20252026,3,25,13,Florida Panthers,22,Edmonton Oilers,6.578378983,5.023925692,1.011778692,2026,3,20,60
2025021090,20252026,8,24,14,Tampa Bay Lightning,23,Vancouver Canucks,6.466961309,4.980845015,1.02377214,2026,3,20,120
2025021092,20252026,14,26,7,Buffalo Sabres,28,San Jose Sharks,6.385273427,4.89495226,1.048739671,2026,3,20,120
2025021093,20252026,4,11,4,Philadelphia Flyers,26,Los Angeles Kings,6.438253626,5.136183068,1.055594686,2026,3,20,150
2025021094,20252026,7,27,12,Carolina Hurricanes,10,Toronto Maple Leafs,6.348672971,4.953716643,1.008005997,2026,3,20,1380
2025021095,20252026,12,8,1,New Jersey Devils,15,Washington Capitals,6.21166271,5.119614389,1.074231684,2026,3,20,1380
2025021096,20252026,0,32,21,Colorado Avalanche,16,Chicago Blackhawks,6.620347895,4.962826364,0.973734343,2026,3,21,30
2025021097,20252026,13,28,13,Florida Panthers,20,Calgary Flames,6.427396521,4.890177246,1.02497883,2026,3,21,60
2025021098,20252026,1,12,24,Anaheim Ducks,68,Utah Mammoth,6.531149745,5.261376102,1.071052065,2026,3,21,120
2025021111,20252026,12,8,21,Colorado Avalanche,15,Washington Capitals,6.087341055,5.071790215,1.041867418,2026,3,22,990
2025021112,20252026,12,21,12,Carolina Hurricanes,5,Pittsburgh Penguins,6.159272201,4.912538957,1.020252909,2026,3,22,1140
2025021113,20252026,0,32,18,Nashville Predators,16,Chicago Blackhawks,6.366640329,4.911265906,0.979753638,2026,3,22,1140
2025021114,20252026,6,31,29,Columbus Blue Jackets,2,New York Islanders,6.149974763,4.828769404,0.961212482,2026,3,22,1380
2025021116,20252026,13,28,14,Tampa Bay Lightning,20,Calgary Flames,6.321891733,4.838395175,1.02130364,2026,3,23,0
2025021117,20252026,4,15,7,Buffalo Sabres,24,Anaheim Ducks,6.405952111,5.06334104,1.040047054,2026,3,23,0
2025021118,20252026,1,12,26,Los Angeles Kings,68,Utah Mammoth,6.394793034,5.196127325,1.065430382,2026,3,23,60
2025021119,20252026,6,19,9,Ottawa Senators,3,New York Rangers,6.25656905,5.011215966,1.01465835,2026,3,23,1410
2025021120,20252026,12,30,10,Toronto Maple Leafs,6,Boston Bruins,6.394236699,4.925251927,1.013075241,2026,3,24,1380
2025021121,20252026,5,9,12,Carolina Hurricanes,8,Montréal Canadiens,6.350109249,5.206740309,1.034243144,2026,3,24,1380
2025021122,20252026,2,18,9,Ottawa Senators,17,Detroit Red Wings,6.455345213,5.146647632,1.027277073,2026,3,24,1380
2025021124,20252026,6,31,16,Chicago Blackhawks,2,New York Islanders,6.347837828,4.905591402,0.982823252,2026,3,24,1380
2025021125,20252026,12,33,29,Columbus Blue Jackets,4,Philadelphia Flyers,6.17633687,4.81023927,0.97471153,2026,3,24,1380
2025021126,20252026,12,21,21,Colorado Avalanche,5,Pittsburgh Penguins,6.129395708,4.935550567,1.008542529,2026,3,24,1380
2025021127,20252026,12,4,30,Minnesota Wild,14,Tampa Bay Lightning,5.977530867,5.120963823,1.035994727,2026,3,24,1410
2025021128,20252026,11,13,15,Washington Capitals,19,St. Louis Blues,6.336749442,5.057177339,1.042056972,2026,3,25,0
2025021129,20252026,11,5,28,San Jose Sharks,18,Nashville Predators,6.19361297,5.118566178,1.035069175,2026,3,25,0
2025021130,20252026,11,1,1,New Jersey Devils,25,Dallas Stars,6.307439834,5.185452178,1.090608545,2026,3,25,0
2025021133,20252026,13,28,26,Los Angeles Kings,20,Calgary Flames,6.204121344,4.81046332,1.002795389,2026,3,25,60
2025021132,20252026,1,12,22,Edmonton Oilers,68,Utah Mammoth,6.441216946,5.216950458,1.071966849,2026,3,25,90
2025021134,20252026,8,24,24,Anaheim Ducks,23,Vancouver Canucks,6.247336417,4.898753047,1.0058098,2026,3,25,120
2025021135,20252026,6,16,6,Boston Bruins,7,Buffalo Sabres,6.239752628,5.043552391,1.028744554,2026,3,25,1380
2025021136,20252026,7,27,3,New York Rangers,10,Toronto Maple Leafs,6.282640025,4.913538814,1.019419801,2026,3,25,1410
2025021137,20252026,5,9,29,Columbus Blue Jackets,8,Montréal Canadiens,6.232039444,5.184093602,1.008424241,2026,3,26,1380
2025021138,20252026,12,7,5,Pittsburgh Penguins,9,Ottawa Senators,6.222656377,5.149293628,1.063343718,2026,3,26,1380
2025021140,20252026,12,0,30,Minnesota Wild,13,Florida Panthers,6.004636563,5.18884632,1.042503204,2026,3,26,1380
2025021141,20252026,6,31,25,Dallas Stars,2,New York Islanders,6.247974068,4.876478672,0.968464376,2026,3,26,1380
2025021142,20252026,12,33,16,Chicago Blackhawks,4,Philadelphia Flyers,6.196392618,4.798239298,0.993124149,2026,3,26,1380
2025021143,20252026,11,13,28,San Jose Sharks,19,St. Louis Blues,6.265884236,5.050330896,1.0226534,2026,3,27,0
2025021144,20252026,11,5,1,New Jersey Devils,18,Nashville Predators,6.340783209,5.142833855,1.075250138,2026,3,27,0
2025021145,20252026,9,6,21,Colorado Avalanche,52,Winnipeg Jets,6.31238161,5.196939081,1.08142629,2026,3,27,0
2025021146,20252026,1,12,15,Washington Capitals,68,Utah Mammoth,6.505547486,5.236592706,1.082652691,2026,3,27,60
2025021147,20252026,13,28,24,Anaheim Ducks,20,Calgary Flames,6.240420476,4.82797353,1.006192897,2026,3,27,60
2025021148,20252026,14,29,22,Edmonton Oilers,54,Vegas Golden Knights,6.285875686,4.873274434,1.051667637,2026,3,27,90
2025021149,20252026,8,24,26,Los Angeles Kings,23,Vancouver Canucks,6.236430958,4.900462989,1.002791976,2026,3,27,120
2025021150,20252026,6,16,17,Detroit Red Wings,7,Buffalo Sabres,6.179789193,5.038261659,1.012320209,2026,3,27,1380
2025021151,20252026,6,19,16,Chicago Blackhawks,3,New York Rangers,6.168380357,4.985167354,1.003080371,2026,3,27,1380
2025021167,20252026,6,19,13,Florida Panthers,3,New York Rangers,6.168652102,4.956991024,1.005136945,2026,3,29,1020
2025021168,20252026,12,4,18,Nashville Predators,14,Tampa Bay Lightning,5.957913548,5.085265066,1.051375855,2026,3,29,1260
2025021169,20252026,12,17,8,Montréal Canadiens,12,Carolina Hurricanes,6.055704176,4.935582004,1.040435933,2026,3,29,1260
2025021170,20252026,12,20,6,Boston Bruins,29,Columbus Blue Jackets,6.09312091,4.929403767,1.058892756,2026,3,29,1260
2025021171,20252026,12,22,16,Chicago Blackhawks,1,New Jersey Devils,5.963472284,4.832850955,1.005715441,2026,3,29,1380
2025021172,20252026,12,33,25,Dallas Stars,4,Philadelphia Flyers,5.956821255,4.700970691,0.976233141,2026,3,29,1380
2025021173,20252026,6,31,5,Pittsburgh Penguins,2,New York Islanders,6.306182325,4.873189308,0.99726569,2026,3,30,1380
2025021174,20252026,1,3,20,Calgary Flames,21,Colorado Avalanche,6.382378615,5.25677871,1.033069847,2026,3,31,30
2025021175,20252026,14,29,23,Vancouver Canucks,54,Vegas Golden Knights,6.355843566,4.918851655,1.051631197,2026,3,31,120
2025021176,20252026,4,15,10,Toronto Maple Leafs,24,Anaheim Ducks,6.411877796,5.093787808,1.036519631,2026,3,31,120
2025021177,20252026,14,26,19,St. Louis Blues,28,San Jose Sharks,6.256339885,4.871856932,1.029509826,2026,3,31,120
2025021178,20252026,12,30,25,Dallas Stars,6,Boston Bruins,6.172754735,4.855225198,0.988083115,2026,3,31,1380
2025021179,20252026,6,16,2,New York Islanders,7,Buffalo Sabres,6.286946163,5.069149591,1.035044093,2026,3,31,1380
2025021180,20252026,12,4,8,Montréal Canadiens,14,Tampa Bay Lightning,6.08551392,5.141404696,1.068242957,2026,3,31,1380
2025021181,20252026,12,0,9,Ottawa Senators,13,Florida Panthers,6.030192301,5.168934349,1.072089515,2026,3,31,1380
2025021182,20252026,6,19,1,New Jersey Devils,3,New York Rangers,6.22473523,4.990677584,1.024890497,2026,3,31,1380
2025021183,20252026,12,21,17,Detroit Red Wings,5,Pittsburgh Penguins,6.036881633,4.892991893,1.012309936,2026,3,31,1380
2025021184,20252026,12,8,4,Philadelphia Flyers,15,Washington Capitals,6.030182965,5.052764326,1.066580844,2026,3,31,1380
2025021185,20252026,12,20,12,Carolina Hurricanes,29,Columbus Blue Jackets,6.056526981,4.93678841,1.05071514,2026,3,31,1410
2025021188,20252026,1,3,23,Vancouver Canucks,21,Colorado Avalanche,6.235902071,5.061524291,1.054744284,2026,4,2,30
2025021189,20252026,4,11,19,St. Louis Blues,26,Los Angeles Kings,6.241377637,4.950628217,1.058930716,2026,4,2,60
2025021190,20252026,14,26,24,Anaheim Ducks,28,San Jose Sharks,6.12436261,4.687735662,1.048661915,2026,4,2,120
2025021191,20252026,12,7,7,Buffalo Sabres,9,Ottawa Senators,6.043519929,4.943947889,1.085725956,2026,4,2,1380
2025021192,20252026,12,4,5,Pittsburgh Penguins,14,Tampa Bay Lightning,6.022544786,4.976195101,1.099768831,2026,4,2,1380
2025021193,20252026,12,0,6,Boston Bruins,13,Florida Panthers,5.96722316,5.003724758,1.10361539,2026,4,2,1380
2025021195,20252026,6,19,8,Montréal Canadiens,3,New York Rangers,6.081856184,4.805000607,1.041063359,2026,4,2,1380
2025021196,20252026,12,33,17,Detroit Red Wings,4,Philadelphia Flyers,5.997306004,4.580982562,1.016539121,2026,4,2,1380
2025021197,20252026,12,17,29,Columbus Blue Jackets,12,Carolina Hurricanes,5.833401099,4.749309622,1.03635454,2026,4,2,1380
2025021194,20252026,12,22,15,Washington Capitals,1,New Jersey Devils,5.990424886,4.72186394,1.036210738,2026,4,2,1410
2025021199,20252026,11,14,23,Vancouver Canucks,30,Minnesota Wild,6.077021964,4.825732846,1.066059545,2026,4,3,0
2025021200,20252026,3,25,16,Chicago Blackhawks,22,Edmonton Oilers,6.254072987,4.759443168,1.030023391,2026,4,3,60
2025021201,20252026,14,29,20,Calgary Flames,54,Vegas Golden Knights,6.12776579,4.672797337,1.080168061,2026,4,3,120
2025021202,20252026,14,26,10,Toronto Maple Leafs,28,San Jose Sharks,6.086368464,4.643158589,1.067441249,2026,4,3,120
2025021204,20252026,4,11,18,Nashville Predators,26,Los Angeles Kings,6.053987868,4.863144163,1.057453637,2026,4,3,150
2025021205,20252026,6,31,4,Philadelphia Flyers,2,New York Islanders,6.105302498,4.646245386,1.023489347,2026,4,3,1380
2025021206,20252026,4,15,19,St. Louis Blues,24,Anaheim Ducks,6.207291201,4.884443063,1.048760911,2026,4,4,120
2025021222,20252026,2,18,30,Minnesota Wild,17,Detroit Red Wings,5.940646581,4.793056015,1.015003025,2026,4,5,1020
2025021223,20252026,12,21,13,Florida Panthers,5,Pittsburgh Penguins,5.845867977,4.64961214,1.041476834,2026,4,5,1140
2025021224,20252026,12,33,6,Boston Bruins,4,Philadelphia Flyers,5.922993362,4.512348156,1.029236011,2026,4,5,1170
2025021225,20252026,12,7,12,Carolina Hurricanes,9,Ottawa Senators,5.727255873,4.792006385,1.072326957,2026,4,5,1260
2025021226,20252026,5,9,1,New Jersey Devils,8,Montréal Canadiens,5.873509936,4.8356824,1.06926912,2026,4,5,1380
2025021227,20252026,6,19,15,Washington Capitals,3,New York Rangers,5.802384511,4.683909997,1.026237821,2026,4,5,1380
2025021228,20252026,1,3,19,St. Louis Blues,21,Colorado Avalanche,6.002133809,4.947792903,1.05637622,2026,4,6,90
2025021229,20252026,6,16,14,Tampa Bay Lightning,7,Buffalo Sabres,5.938997984,4.797292668,1.040493541,2026,4,6,1380
2025021231,20252026,14,26,16,Chicago Blackhawks,28,San Jose Sharks,6.079056822,4.65771161,1.058883252,2026,4,7,120
2025021232,20252026,4,11,18,Nashville Predators,26,Los Angeles Kings,6.104782589,4.895053159,1.058290199,2026,4,7,150
2025021233,20252026,5,9,13,Florida Panthers,8,Montréal Canadiens,6.011303976,4.931124639,1.055010191,2026,4,7,1380
2025021234,20252026,12,7,14,Tampa Bay Lightning,9,Ottawa Senators,5.865648746,4.876878336,1.072689335,2026,4,7,1380
2025021235,20252026,2,18,29,Columbus Blue Jackets,17,Detroit Red Wings,5.987572059,4.843563899,1.019284588,2026,4,7,1380
2025021236,20252026,12,22,4,Philadelphia Flyers,1,New Jersey Devils,5.936847694,4.679727368,1.050284304,2026,4,7,1380
2025021237,20252026,12,17,6,Boston Bruins,12,Carolina Hurricanes,5.895259641,4.743642218,1.069376956,2026,4,7,1380
2025021238,20252026,11,13,21,Colorado Avalanche,19,St. Louis Blues,6.02149184,4.803050108,1.056289709,2026,4,8,0
2025021239,20252026,11,1,20,Calgary Flames,25,Dallas Stars,5.946721748,4.933901712,1.085933188,2026,4,8,0
2025021241,20252026,1,12,22,Edmonton Oilers,68,Utah Mammoth,6.1840657,4.980179198,1.095594145,2026,4,8,90
2025021243,20252026,4,15,18,Nashville Predators,24,Anaheim Ducks,6.034927376,4.802930228,1.046975178,2026,4,8,120
2025021244,20252026,6,19,7,Buffalo Sabres,3,New York Rangers,5.985691823,4.76481998,1.040609665,2026,4,8,1380
2025021245,20252026,7,27,15,Washington Capitals,10,Toronto Maple Leafs,5.960078143,4.667433321,1.025171737,2026,4,8,1410
2025021246,20252026,14,26,22,Edmonton Oilers,28,San Jose Sharks,6.046347804,4.656310141,1.049906974,2026,4,9,120
2025021252,20252026,6,31,10,Toronto Maple Leafs,2,New York Islanders,6.022172511,4.625118885,1.013442249,2026,4,9,1365
2025021247,20252026,6,16,29,Columbus Blue Jackets,7,Buffalo Sabres,5.971533857,4.847623184,1.020147398,2026,4,9,1380
2025021248,20252026,5,9,14,Tampa Bay Lightning,8,Montréal Canadiens,6.005849399,4.933612432,1.05348198,2026,4,9,1380
2025021249,20252026,12,7,13,Florida Panthers,9,Ottawa Senators,5.871095933,4.880921837,1.07414035,2026,4,9,1380
2025021250,20252026,2,18,4,Philadelphia Flyers,17,Detroit Red Wings,6.123840526,4.866275873,1.056486324,2026,4,9,1380
2025021251,20252026,12,22,5,Pittsburgh Penguins,1,New Jersey Devils,5.931393109,4.682215165,1.048756093,2026,4,9,1380
2025021255,20252026,0,32,12,Carolina Hurricanes,16,Chicago Blackhawks,6.285238326,4.679408446,1.008367973,2026,4,10,30
2025021254,20252026,11,1,30,Minnesota Wild,25,Dallas Stars,5.890655227,4.932903279,1.071317921,2026,4,10,60
2025021256,20252026,1,3,20,Calgary Flames,21,Colorado Avalanche,6.048254624,4.977166824,1.055563436,2026,4,10,60
2025021257,20252026,1,12,18,Nashville Predators,68,Utah Mammoth,6.18124149,4.972110182,1.10089739,2026,4,10,60
2025021258,20252026,4,15,28,San Jose Sharks,24,Anaheim Ducks,5.98041483,4.798417348,1.032040446,2026,4,10,120
2025021260,20252026,4,11,23,Vancouver Canucks,26,Los Angeles Kings,5.937816866,4.826273669,1.048271403,2026,4,10,150
2025021276,20252026,12,8,5,Pittsburgh Penguins,15,Washington Capitals,5.824602492,4.823269494,1.088393023,2026,4,12,1140
2025021277,20252026,6,31,8,Montréal Canadiens,2,New York Islanders,5.970731616,4.59721509,1.014981784,2026,4,12,1320
2025021278,20252026,12,20,6,Boston Bruins,29,Columbus Blue Jackets,5.85981673,4.708835807,1.083296396,2026,4,12,1320
2025021279,20252026,12,22,9,Ottawa Senators,1,New Jersey Devils,5.769878291,4.614213519,1.04022691,2026,4,12,1380
2025021280,20252026,4,15,23,Vancouver Canucks,24,Anaheim Ducks,6.02347219,4.806520611,1.039020126,2026,4,13,0
2025021282,20252026,12,4,17,Detroit Red Wings,14,Tampa Bay Lightning,5.766606018,4.889655512,1.078254592,2026,4,13,1380
2025021283,20252026,12,0,3,New York Rangers,13,Florida Panthers,5.793047689,4.92885296,1.104445351,2026,4,13,1380
2025021284,20252026,12,33,12,Carolina Hurricanes,4,Philadelphia Flyers,5.884834394,4.533044178,1.021262067,2026,4,13,1380
2025021285,20252026,7,27,25,Dallas Stars,10,Toronto Maple Leafs,5.842057444,4.636096772,1.009036912,2026,4,13,1410
2025021286,20252026,11,13,30,Minnesota Wild,19,St. Louis Blues,5.896219648,4.767779805,1.04139676,2026,4,14,0
2025021287,20252026,11,5,28,San Jose Sharks,18,Nashville Predators,5.834846467,4.840836439,1.056753163,2026,4,14,0
2025021288,20252026,0,32,7,Buffalo Sabres,16,Chicago Blackhawks,6.236282244,4.651762437,1.014368208,2026,4,14,30
2025021289,20252026,3,25,21,Colorado Avalanche,22,Edmonton Oilers,6.060914479,4.692794625,1.019553057,2026,4,14,90
2025021291,20252026,14,10,26,Los Angeles Kings,55,Seattle Kraken,5.800954707,4.796533454,1.1021245,2026,4,14,90
2025021292,20252026,12,30,1,New Jersey Devils,6,Boston Bruins,5.919419527,4.57367814,1.045176739,2026,4,14,1380
2025021293,20252026,6,31,12,Carolina Hurricanes,2,New York Islanders,5.921969362,4.58819491,1.008847319,2026,4,14,1380
2025021294,20252026,12,33,8,Montréal Canadiens,4,Philadelphia Flyers,5.843133479,4.506066281,1.026059025,2026,4,14,1380
2025021295,20252026,12,20,15,Washington Capitals,29,Columbus Blue Jackets,5.758399002,4.683237519,1.069256986,2026,4,14,1380
2025021296,20252026,11,14,24,Anaheim Ducks,30,Minnesota Wild,5.89374163,4.755726889,1.061140194,2026,4,15,0
2025021298,20252026,13,28,21,Colorado Avalanche,20,Calgary Flames,5.88530796,4.544600103,1.032136584,2026,4,15,60
2025021299,20252026,11,13,5,Pittsburgh Penguins,19,St. Louis Blues,5.890453264,4.724341929,1.076584159,2026,4,15,90
2025021300,20252026,8,24,26,Los Angeles Kings,23,Vancouver Canucks,5.864965789,4.614755999,1.024266824,2026,4,15,120
2025021301,20252026,6,16,25,Dallas Stars,7,Buffalo Sabres,5.764716923,4.746331848,1.02187815,2026,4,15,1380
2025021302,20252026,12,4,3,New York Rangers,14,Tampa Bay Lightning,5.715909503,4.840366829,1.096786188,2026,4,15,1380
2025021303,20252026,12,0,17,Detroit Red Wings,13,Florida Panthers,5.589726366,4.857784402,1.081267773,2026,4,15,1380
2025021304,20252026,12,7,10,Toronto Maple Leafs,9,Ottawa Senators,5.632650092,4.767921019,1.074084342,2026,4,15,1410
2025021305,20252026,0,32,28,San Jose Sharks,16,Chicago Blackhawks,6.071007848,4.613315467,0.982133972,2026,4,16,30
2025021307,20252026,11,5,24,Anaheim Ducks,18,Nashville Predators,5.920147091,4.880568456,1.063795917,2026,4,17,0
2025021308,20252026,9,6,28,San Jose Sharks,52,Winnipeg Jets,5.978959672,4.947119329,1.093805883,2026,4,17,0
2025021309,20252026,1,12,19,St. Louis Blues,68,Utah Mammoth,6.190032184,4.985592064,1.099181658,2026,4,17,0
2025021310,20252026,13,28,26,Los Angeles Kings,20,Calgary Flames,5.93425297,4.582043041,1.026020556,2026,4,17,60
2025021311,20252026,3,25,23,Vancouver Canucks,22,Edmonton Oilers,6.063484669,4.700724591,1.01658464,2026,4,17,60
